T;WV;WK;BZ;SPR;WBER;ABG;UNG;SPOE;FPOE;OEVP;GRUE;NEOS;WWW;ANDAS;GFW;SLP;WIFF;M;FREIE
4;1;1;1;0;0;80;4;27;14;15;10;9;0;1;0;0;0;0;0
4;1;1;1;1;715;387;10;128;86;75;40;44;0;4;0;0;0;0;0
4;1;1;1;2;686;403;6;141;106;67;38;40;0;5;0;0;0;0;0
4;1;1;1;3;663;402;12;173;74;62;48;22;5;6;0;0;0;0;0
4;1;1;1;4;332;178;3;55;45;36;21;13;0;2;3;0;0;0;0
4;1;1;1;5;805;419;3;112;101;103;44;48;0;6;2;0;0;0;0
4;1;1;1;6;571;308;9;92;61;57;38;44;2;1;4;0;0;0;0
4;1;1;1;7;611;311;11;102;67;71;26;32;0;1;1;0;0;0;0
4;1;1;1;8;590;317;6;106;70;57;27;47;2;2;0;0;0;0;0
4;1;1;1;9;786;436;11;145;95;63;59;60;0;3;0;0;0;0;0
4;1;1;1;10;732;391;3;149;73;60;72;32;0;1;1;0;0;0;0
4;1;1;1;11;485;260;1;83;57;61;36;20;0;1;0;0;0;0;1
4;1;1;1;12;656;372;7;108;81;78;38;57;0;2;1;0;0;0;0
4;1;1;1;13;570;313;10;98;80;62;34;28;0;1;0;0;0;0;0
4;1;1;1;14;539;330;8;90;72;63;56;39;1;1;0;0;0;0;0
4;1;1;1;15;774;475;5;176;113;70;59;49;0;3;0;0;0;0;0
4;1;1;1;16;515;287;9;107;49;54;40;21;0;4;1;0;0;0;2
4;1;1;1;17;737;393;6;124;92;62;56;47;0;5;1;0;0;0;0
4;1;1;1;18;562;304;5;106;62;59;33;37;0;2;0;0;0;0;0
4;1;1;1;19;0;2336;30;740;467;533;277;273;4;6;4;0;0;0;2
4;1;1;4;0;0;112;2;36;24;15;26;9;0;0;0;0;0;0;0
4;1;1;4;1;872;551;11;196;100;86;89;64;1;3;0;0;0;0;1
4;1;1;4;2;1030;456;6;174;90;57;57;62;0;4;4;0;0;0;2
4;1;1;4;3;820;445;6;152;75;69;78;63;0;2;0;0;0;0;0
4;1;1;4;4;946;540;16;216;96;49;79;76;0;3;5;0;0;0;0
4;1;1;4;5;846;506;15;201;79;30;116;53;2;7;3;0;0;0;0
4;1;1;4;6;963;594;10;243;98;59;132;44;1;7;0;0;0;0;0
4;1;1;4;7;978;577;16;218;92;60;110;75;1;5;0;0;0;0;0
4;1;1;4;8;965;563;6;186;109;69;127;53;1;11;1;0;0;0;0
4;1;1;4;9;900;594;29;234;125;53;100;45;2;6;0;0;0;0;0
4;1;1;4;10;708;450;44;179;77;44;77;25;1;3;0;0;0;0;0
4;1;1;4;11;730;431;12;163;86;48;81;40;0;1;0;0;0;0;0
4;1;1;4;12;722;409;9;196;122;23;34;22;0;2;1;0;0;0;0
4;1;1;4;13;979;557;22;188;117;57;115;44;0;13;0;0;0;0;1
4;1;1;4;14;856;534;17;191;96;56;108;51;5;9;0;0;0;0;1
4;1;1;4;15;596;336;14;125;60;39;56;36;0;3;2;0;0;0;1
4;1;1;4;16;718;405;7;134;93;46;83;34;0;7;0;0;0;0;1
4;1;1;4;17;960;568;26;233;116;44;79;56;0;11;2;0;0;0;1
4;1;1;4;18;984;580;23;207;123;65;121;35;1;4;1;0;0;0;0
4;1;1;4;19;1053;635;33;217;120;69;119;58;1;16;2;0;0;0;0
4;1;1;4;20;912;572;26;191;119;65;117;44;1;7;1;0;0;0;1
4;1;1;4;21;934;512;22;198;98;62;77;48;0;6;1;0;0;0;0
4;1;1;4;22;1073;595;4;205;114;100;98;66;0;8;0;0;0;0;0
4;1;1;4;23;674;383;2;164;101;32;53;21;1;6;3;0;0;0;0
4;1;1;4;24;0;3787;37;1356;579;554;816;403;4;35;1;0;0;0;2
4;1;1;5;0;0;144;2;53;27;16;29;14;0;2;0;0;0;0;1
4;1;1;5;1;575;339;2;140;50;30;90;20;2;5;0;0;0;0;0
4;1;1;5;2;687;393;14;138;75;38;84;36;1;5;2;0;0;0;0
4;1;1;5;3;1129;664;9;278;102;47;154;46;3;21;3;0;0;0;1
4;1;1;5;4;1170;674;12;278;108;60;159;44;0;11;2;0;0;0;0
4;1;1;5;5;688;402;11;149;72;15;101;39;1;13;1;0;0;0;0
4;1;1;5;6;707;452;11;195;99;42;70;23;2;8;1;0;0;0;1
4;1;1;5;7;518;319;15;102;77;33;63;23;0;4;1;0;0;0;1
4;1;1;5;8;723;459;11;186;84;46;90;32;0;8;1;0;0;0;1
4;1;1;5;9;813;513;9;205;116;26;98;51;1;7;0;0;0;0;0
4;1;1;5;10;702;364;16;138;57;21;100;19;0;8;4;0;0;0;1
4;1;1;5;11;670;413;10;183;72;28;87;22;1;9;1;0;0;0;0
4;1;1;5;12;657;368;9;189;83;15;49;8;1;11;2;0;0;0;1
4;1;1;5;13;723;450;7;196;93;21;80;27;2;17;6;0;0;0;1
4;1;1;5;14;708;375;6;132;82;30;86;36;0;2;1;0;0;0;0
4;1;1;5;15;561;311;10;128;62;28;52;24;0;5;2;0;0;0;0
4;1;1;5;16;864;488;12;203;108;24;90;31;0;8;11;0;0;0;1
4;1;1;5;17;904;528;12;200;89;44;131;38;1;9;4;0;0;0;0
4;1;1;5;18;1104;656;17;340;167;32;59;23;1;5;12;0;0;0;0
4;1;1;5;19;987;541;36;206;133;47;87;19;1;7;4;0;0;0;1
4;1;1;5;20;599;354;7;185;87;31;24;12;1;5;2;0;0;0;0
4;1;1;5;21;596;322;9;170;111;3;10;10;0;3;6;0;0;0;0
4;1;1;5;22;993;578;9;223;154;58;80;35;0;12;7;0;0;0;0
4;1;1;5;23;1108;564;16;233;172;24;75;20;2;10;10;0;0;0;2
4;1;1;5;24;940;484;5;243;167;15;26;9;2;4;13;0;0;0;0
4;1;1;5;25;908;505;12;188;123;34;94;43;1;4;6;0;0;0;0
4;1;1;5;26;559;343;23;151;62;18;62;21;1;4;1;0;0;0;0
4;1;1;5;27;913;526;15;237;132;21;75;30;1;10;4;0;0;0;1
4;1;1;5;28;873;505;19;201;78;32;120;37;2;11;3;0;0;0;2
4;1;1;5;29;398;229;1;98;41;18;43;20;1;3;4;0;0;0;0
4;1;1;5;30;994;520;17;204;125;56;90;20;0;4;4;0;0;0;0
4;1;1;5;31;756;365;4;177;122;15;16;7;1;4;18;0;0;0;1
4;1;1;5;32;884;502;9;251;173;20;18;6;4;6;14;0;0;0;1
4;1;1;5;33;834;485;7;218;118;42;55;29;1;7;8;0;0;0;0
4;1;1;5;34;414;230;11;104;45;15;38;10;1;2;3;0;0;0;1
4;1;1;5;35;1072;618;10;259;179;40;90;28;2;6;3;0;0;0;1
4;1;1;5;36;851;492;21;188;122;41;86;24;2;5;2;0;0;0;1
4;1;1;5;37;629;338;8;119;70;41;60;32;0;7;0;0;0;0;1
4;1;1;5;38;815;493;4;195;82;42;121;38;2;7;1;0;0;0;1
4;1;1;5;39;1021;596;7;253;126;44;101;52;0;12;1;0;0;0;0
4;1;1;5;40;579;343;15;106;78;29;70;27;1;8;6;0;0;0;3
4;1;1;5;41;0;0;0;0;0;0;0;0;0;0;0;0;0;0;0
4;1;1;5;42;0;4644;36;1864;861;422;1023;342;6;77;12;0;0;0;1
4;1;1;6;0;0;130;2;53;27;14;23;10;0;1;0;0;0;0;0
4;1;1;6;1;619;379;4;151;64;38;92;27;0;2;1;0;0;0;0
4;1;1;6;2;732;422;7;156;113;41;69;29;1;6;0;0;0;0;0
4;1;1;6;3;895;544;1;199;123;52;118;47;0;4;0;0;0;0;0
4;1;1;6;4;736;431;2;178;77;33;100;33;0;6;1;0;0;0;1
4;1;1;6;5;634;322;5;131;95;23;42;24;0;1;1;0;0;0;0
4;1;1;6;6;812;470;3;190;95;29;98;35;2;16;2;0;0;0;0
4;1;1;6;7;698;417;3;163;66;35;111;28;0;10;0;0;0;0;1
4;1;1;6;8;591;343;2;118;48;79;75;16;0;5;0;0;0;0;0
4;1;1;6;9;694;437;7;151;79;46;115;34;0;4;1;0;0;0;0
4;1;1;6;10;791;457;4;169;92;51;100;34;0;6;0;0;0;0;1
4;1;1;6;11;678;388;7;162;46;43;102;22;0;3;2;0;0;0;1
4;1;1;6;12;856;567;10;209;84;53;142;59;0;7;1;0;0;0;2
4;1;1;6;13;718;448;1;180;77;52;99;30;3;6;0;0;0;0;0
4;1;1;6;14;678;417;14;178;95;41;54;30;0;5;0;0;0;0;0
4;1;1;6;15;715;459;10;182;93;37;94;31;1;10;0;0;0;0;1
4;1;1;6;16;1049;443;12;170;96;34;85;37;0;5;2;0;0;0;2
4;1;1;6;17;691;414;0;151;68;39;102;48;0;5;1;0;0;0;0
4;1;1;6;18;696;400;6;155;104;31;73;24;0;7;0;0;0;0;0
4;1;1;6;19;608;371;7;119;67;38;88;43;0;8;1;0;0;0;0
4;1;1;6;20;766;446;5;174;77;50;90;43;1;3;3;0;0;0;0
4;1;1;6;21;749;460;8;183;57;57;104;40;0;6;3;0;0;0;2
4;1;1;6;22;673;413;16;187;72;24;78;32;1;3;0;0;0;0;0
4;1;1;6;23;505;293;2;139;55;28;47;15;0;2;5;0;0;0;0
4;1;1;6;24;531;327;9;124;62;30;71;22;2;7;0;0;0;0;0
4;1;1;6;25;808;442;10;181;55;40;118;32;1;5;0;0;0;0;0
4;1;1;6;26;741;444;9;154;76;44;112;35;1;10;2;0;0;0;1
4;1;1;6;27;835;474;7;190;71;35;134;28;1;6;2;0;0;0;0
4;1;1;6;28;934;537;7;210;142;43;88;30;0;12;1;0;0;0;4
4;1;1;6;29;0;3479;28;1282;509;402;884;331;3;36;3;0;0;0;1
4;1;2;7;0;0;95;0;40;19;8;21;7;0;0;0;0;0;0;0
4;1;2;7;1;753;443;11;155;58;54;111;48;1;4;1;0;0;0;0
4;1;2;7;2;470;294;6;113;42;19;80;31;1;2;0;0;0;0;0
4;1;2;7;3;626;376;7;123;47;46;105;43;0;5;0;0;0;0;0
4;1;2;7;4;478;308;4;104;51;30;89;26;1;3;0;0;0;0;0
4;1;2;7;5;550;278;13;102;43;21;75;19;0;3;2;0;0;0;0
4;1;2;7;6;750;446;13;162;60;36;116;44;0;14;1;0;0;0;0
4;1;2;7;7;722;460;15;143;64;37;157;33;1;9;1;0;0;0;0
4;1;2;7;8;575;359;7;121;61;28;102;31;0;8;1;0;0;0;0
4;1;2;7;9;724;439;7;143;59;44;131;46;1;6;2;0;0;0;0
4;1;2;7;10;741;438;9;163;64;51;103;42;0;5;1;0;0;0;0
4;1;2;7;11;641;400;7;149;55;37;110;36;0;5;1;0;0;0;0
4;1;2;7;12;883;519;9;193;83;42;131;51;1;9;0;0;0;0;0
4;1;2;7;13;810;489;12;178;66;47;141;37;1;7;0;0;0;0;0
4;1;2;7;14;793;485;10;206;115;34;84;28;2;6;0;0;0;0;0
4;1;2;7;15;611;402;13;187;60;38;72;25;1;6;0;0;0;0;0
4;1;2;7;16;533;315;8;121;68;22;77;15;0;3;1;0;0;0;0
4;1;2;7;17;710;417;16;154;72;20;123;25;0;7;0;0;0;0;0
4;1;2;7;18;633;373;20;136;66;35;82;29;0;5;0;0;0;0;0
4;1;2;7;19;791;495;10;151;76;62;131;58;2;3;2;0;0;0;0
4;1;2;7;20;688;445;23;164;54;34;117;42;0;11;0;0;0;0;0
4;1;2;7;21;752;472;5;169;89;40;125;38;1;2;3;0;0;0;0
4;1;2;7;22;707;364;5;151;63;22;82;34;0;6;1;0;0;0;0
4;1;2;7;23;680;381;3;162;61;20;101;26;0;5;3;0;0;0;0
4;1;2;7;24;734;469;4;157;83;45;132;37;5;6;0;0;0;0;0
4;1;2;7;25;762;416;8;146;65;35;120;24;4;12;2;0;0;0;0
4;1;2;7;26;681;407;10;161;56;32;106;27;0;13;2;0;0;0;0
4;1;2;7;27;618;370;7;145;56;32;96;26;2;4;2;0;0;0;0
4;1;2;7;28;711;375;5;152;66;22;88;37;2;3;0;0;0;0;0
4;1;2;7;29;613;347;5;114;56;31;96;36;2;6;1;0;0;0;0
4;1;2;7;30;724;455;20;166;58;32;141;29;1;6;2;0;0;0;0
4;1;2;7;31;0;3834;33;1391;587;401;992;374;1;54;1;0;0;0;0
4;1;2;8;0;0;100;5;27;16;11;27;10;0;4;0;0;0;0;0
4;1;2;8;1;467;310;7;111;57;50;52;29;0;4;0;0;0;0;0
4;1;2;8;2;596;370;9;120;65;59;60;46;0;11;0;0;0;0;0
4;1;2;8;3;501;308;9;110;70;35;51;28;0;4;1;0;0;0;0
4;1;2;8;4;800;509;8;173;82;83;115;45;0;2;1;0;0;0;0
4;1;2;8;5;741;413;14;128;67;66;78;49;0;11;0;0;0;0;0
4;1;2;8;6;743;443;1;142;82;70;88;52;3;4;1;0;0;0;0
4;1;2;8;7;731;444;11;172;73;52;84;44;1;7;0;0;0;0;0
4;1;2;8;8;868;494;6;178;87;73;103;35;0;11;1;0;0;0;0
4;1;2;8;9;839;517;4;198;70;62;131;39;1;10;2;0;0;0;0
4;1;2;8;10;724;434;1;150;78;50;99;49;0;6;1;0;0;0;0
4;1;2;8;11;804;490;8;159;100;49;105;63;0;6;0;0;0;0;0
4;1;2;8;12;561;356;7;136;49;42;81;33;4;4;0;0;0;0;0
4;1;2;8;13;524;351;12;140;62;36;58;39;0;4;0;0;0;0;0
4;1;2;8;14;793;496;5;175;68;92;90;58;1;7;0;0;0;0;0
4;1;2;8;15;807;512;14;164;88;90;95;55;0;6;0;0;0;0;0
4;1;2;8;16;724;423;11;170;67;49;89;33;0;2;2;0;0;0;0
4;1;2;8;17;710;450;0;147;93;55;113;32;0;10;0;0;0;0;0
4;1;2;8;18;837;506;8;199;91;82;88;29;2;6;1;0;0;0;0
4;1;2;8;19;626;385;5;138;63;53;95;24;2;5;0;0;0;0;0
4;1;2;8;20;760;463;5;164;76;52;117;37;0;12;0;0;0;0;0
4;1;2;8;21;876;524;5;198;95;68;92;54;1;10;1;0;0;0;0
4;1;2;8;22;789;456;10;172;94;44;102;21;0;11;2;0;0;0;0
4;1;2;8;23;0;3056;24;1066;448;522;652;310;3;30;1;0;0;0;0
4;1;2;9;0;0;135;1;48;27;17;32;7;0;3;0;0;0;0;0
4;1;2;9;1;762;461;3;167;78;56;89;59;1;8;0;0;0;0;0
4;1;2;9;2;624;400;3;149;68;53;76;46;0;5;0;0;0;0;0
4;1;2;9;3;828;504;6;231;74;46;93;36;5;12;1;0;0;0;0
4;1;2;9;4;708;446;4;177;84;47;85;48;0;1;0;0;0;0;0
4;1;2;9;5;674;408;12;170;78;47;76;21;0;3;1;0;0;0;0
4;1;2;9;6;709;452;5;164;79;52;84;61;0;2;5;0;0;0;0
4;1;2;9;7;706;420;10;198;69;54;58;25;0;6;0;0;0;0;0
4;1;2;9;8;777;454;24;178;86;50;78;28;1;8;1;0;0;0;0
4;1;2;9;9;707;437;6;171;71;49;90;42;0;7;1;0;0;0;0
4;1;2;9;10;659;408;11;131;70;37;103;46;0;9;1;0;0;0;0
4;1;2;9;11;602;332;10;167;87;17;28;18;1;3;1;0;0;0;0
4;1;2;9;12;835;471;4;193;80;45;98;44;2;3;2;0;0;0;0
4;1;2;9;13;979;577;8;246;152;43;96;21;1;9;1;0;0;0;0
4;1;2;9;14;967;554;5;248;131;35;86;29;1;9;10;0;0;0;0
4;1;2;9;15;846;488;7;199;109;36;86;39;1;9;2;0;0;0;0
4;1;2;9;16;904;474;3;187;111;25;92;43;0;10;3;0;0;0;0
4;1;2;9;17;729;377;3;150;81;39;72;28;1;3;0;0;0;0;0
4;1;2;9;18;790;447;7;165;115;39;78;36;1;5;1;0;0;0;0
4;1;2;9;19;740;439;6;173;78;42;91;44;1;4;0;0;0;0;0
4;1;2;9;20;669;386;14;142;69;39;81;33;0;5;3;0;0;0;0
4;1;2;9;21;769;456;18;169;79;48;86;36;1;15;4;0;0;0;0
4;1;2;9;22;844;507;7;174;120;55;99;45;0;6;1;0;0;0;0
4;1;2;9;23;911;539;10;200;78;63;131;50;0;5;2;0;0;0;0
4;1;2;9;24;857;533;18;178;112;56;112;48;0;9;0;0;0;0;0
4;1;2;9;25;907;544;11;180;86;83;100;70;0;13;1;0;0;0;0
4;1;2;9;26;739;459;15;149;70;55;111;58;1;0;0;0;0;0;0
4;1;2;9;27;764;464;12;162;83;56;95;48;0;7;1;0;0;0;0
4;1;2;9;28;717;425;3;135;74;60;97;50;1;5;0;0;0;0;0
4;1;2;9;29;728;436;5;162;57;71;80;53;2;6;0;0;0;0;0
4;1;2;9;30;800;450;12;157;72;80;63;63;0;3;0;0;0;0;0
4;1;2;9;31;757;438;6;158;100;60;71;37;0;4;2;0;0;0;0
4;1;2;9;32;837;509;9;188;84;50;115;55;1;4;3;0;0;0;0
4;1;2;9;33;519;284;6;121;44;28;50;29;0;4;2;0;0;0;0
4;1;2;9;34;632;345;4;120;76;27;68;42;0;8;0;0;0;0;0
4;1;2;9;35;0;0;0;0;0;0;0;0;0;0;0;0;0;0;0
4;1;2;9;36;0;0;0;0;0;0;0;0;0;0;0;0;0;0;0
4;1;2;9;37;0;4828;32;1772;782;640;1066;465;7;55;9;0;0;0;0
4;1;3;2;0;0;261;4;114;63;14;47;15;0;4;0;0;0;0;0
4;1;3;2;1;762;443;9;168;48;24;145;31;1;15;2;0;0;0;0
4;1;3;2;2;568;307;2;149;61;13;55;17;0;9;1;0;0;0;0
4;1;3;2;3;713;450;5;171;59;41;128;34;1;10;1;0;0;0;0
4;1;3;2;4;532;303;12;124;60;26;51;18;1;8;3;0;0;0;0
4;1;3;2;5;539;328;15;111;72;28;70;27;0;5;0;0;0;0;0
4;1;3;2;6;520;289;5;105;76;26;56;14;0;4;3;0;0;0;0
4;1;3;2;7;528;303;8;126;60;16;68;13;1;10;1;0;0;0;0
4;1;3;2;8;582;342;2;134;58;23;85;28;2;6;4;0;0;0;0
4;1;3;2;9;682;434;21;185;65;25;93;31;1;8;5;0;0;0;0
4;1;3;2;10;485;291;3;123;38;13;89;20;0;5;0;0;0;0;0
4;1;3;2;11;522;276;6;110;51;19;74;12;0;3;1;0;0;0;0
4;1;3;2;12;600;354;5;169;77;24;61;14;1;2;1;0;0;0;0
4;1;3;2;13;596;377;5;155;82;28;75;23;2;5;2;0;0;0;0
4;1;3;2;14;694;425;8;162;72;42;100;31;2;5;3;0;0;0;0
4;1;3;2;15;373;194;8;75;35;15;40;16;1;4;0;0;0;0;0
4;1;3;2;16;805;448;17;219;82;43;56;24;1;6;0;0;0;0;0
4;1;3;2;17;657;337;10;145;72;21;48;34;2;5;0;0;0;0;0
4;1;3;2;18;527;270;5;109;65;22;42;20;0;6;1;0;0;0;0
4;1;3;2;19;692;393;10;215;63;25;52;21;1;3;3;0;0;0;0
4;1;3;2;20;547;330;8;132;60;30;63;32;0;5;0;0;0;0;0
4;1;3;2;21;581;351;10;152;69;22;72;18;0;7;1;0;0;0;0
4;1;3;2;22;709;408;6;171;89;43;63;29;0;6;1;0;0;0;0
4;1;3;2;23;498;287;14;121;57;23;47;20;1;3;1;0;0;0;0
4;1;3;2;24;531;322;11;145;79;15;54;12;0;5;1;0;0;0;0
4;1;3;2;25;445;258;6;107;58;23;48;13;1;2;0;0;0;0;0
4;1;3;2;26;580;377;4;145;57;26;97;37;0;10;1;0;0;0;0
4;1;3;2;27;595;339;9;139;71;20;82;12;0;2;4;0;0;0;0
4;1;3;2;28;725;443;15;199;79;19;93;24;1;12;1;0;0;0;0
4;1;3;2;29;660;381;3;139;77;27;97;28;1;6;3;0;0;0;0
4;1;3;2;30;573;336;9;146;49;37;67;21;0;6;1;0;0;0;0
4;1;3;2;31;542;324;7;152;59;17;57;18;0;9;5;0;0;0;0
4;1;3;2;32;520;324;13;135;67;26;60;19;0;3;1;0;0;0;0
4;1;3;2;33;480;287;7;137;107;12;15;6;0;1;2;0;0;0;0
4;1;3;2;34;569;318;3;145;77;15;58;8;0;6;6;0;0;0;0
4;1;3;2;35;547;340;4;129;84;10;81;18;2;7;5;0;0;0;0
4;1;3;2;36;405;235;3;96;54;19;43;7;3;6;4;0;0;0;0
4;1;3;2;37;501;280;4;121;55;19;57;18;2;1;3;0;0;0;0
4;1;3;2;38;622;351;0;148;74;29;69;25;0;4;2;0;0;0;0
4;1;3;2;39;488;250;8;87;54;16;60;19;0;5;1;0;0;0;0
4;1;3;2;40;548;272;2;125;55;9;56;17;0;3;5;0;0;0;0
4;1;3;2;41;438;275;14;94;75;29;37;19;1;6;0;0;0;0;0
4;1;3;2;42;315;188;6;67;56;14;35;6;0;2;2;0;0;0;0
4;1;3;2;43;571;321;5;113;86;22;64;15;0;14;2;0;0;0;0
4;1;3;2;44;657;381;8;164;76;28;60;26;0;17;2;0;0;0;0
4;1;3;2;45;517;298;4;110;65;29;50;33;1;5;1;0;0;0;0
4;1;3;2;46;555;339;10;139;54;34;68;23;2;9;0;0;0;0;0
4;1;3;2;47;542;331;12;131;65;29;56;29;0;7;2;0;0;0;0
4;1;3;2;48;542;351;4;138;81;34;59;32;0;2;1;0;0;0;0
4;1;3;2;49;439;248;11;135;51;7;21;14;0;6;3;0;0;0;0
4;1;3;2;50;500;287;15;122;54;29;46;17;0;3;1;0;0;0;0
4;1;3;2;51;439;244;20;101;69;15;21;13;1;4;0;0;0;0;0
4;1;3;2;52;584;337;17;154;124;11;16;4;1;6;4;0;0;0;0
4;1;3;2;53;506;268;12;131;64;15;33;9;0;4;0;0;0;0;0
4;1;3;2;54;596;298;15;131;95;7;29;5;2;9;5;0;0;0;0
4;1;3;2;55;569;314;6;150;66;22;51;11;2;3;3;0;0;0;0
4;1;3;2;56;478;259;9;72;73;12;64;10;0;15;4;0;0;0;0
4;1;3;2;57;475;254;6;76;61;10;77;12;0;10;2;0;0;0;0
4;1;3;2;58;595;345;5;115;86;31;65;24;3;9;7;0;0;0;0
4;1;3;2;59;578;320;2;130;91;10;61;19;0;7;0;0;0;0;0
4;1;3;2;60;319;171;1;61;45;9;41;11;1;2;0;0;0;0;0
4;1;3;2;61;562;323;6;107;98;22;62;15;2;11;0;0;0;0;0
4;1;3;2;62;524;300;17;100;84;18;50;24;0;3;4;0;0;0;0
4;1;3;2;63;521;283;14;120;63;19;44;15;0;7;1;0;0;0;0
4;1;3;2;64;723;433;7;167;92;19;111;26;1;6;4;0;0;0;0
4;1;3;2;65;570;303;4;135;92;8;36;12;1;8;7;0;0;0;0
4;1;3;2;66;452;271;26;118;79;18;18;6;0;5;1;0;0;0;0
4;1;3;2;67;515;283;8;117;71;15;56;9;1;4;2;0;0;0;0
4;1;3;2;68;372;195;3;64;57;18;34;14;0;3;2;0;0;0;0
4;1;3;2;69;535;291;14;121;80;19;18;15;1;5;18;0;0;0;0
4;1;3;2;70;649;401;14;205;122;19;11;7;0;2;21;0;0;0;0
4;1;3;2;71;715;435;14;179;163;17;26;13;2;8;13;0;0;0;0
4;1;3;2;72;748;447;25;200;142;16;25;17;0;4;18;0;0;0;0
4;1;3;2;73;605;337;8;148;129;7;26;5;3;6;5;0;0;0;0
4;1;3;2;74;408;237;4;104;97;8;13;6;1;1;3;0;0;0;0
4;1;3;2;75;422;275;18;132;102;8;5;2;0;2;6;0;0;0;0
4;1;3;2;76;543;330;4;139;89;24;47;18;0;4;5;0;0;0;0
4;1;3;2;77;843;454;9;188;203;19;23;8;0;2;2;0;0;0;0
4;1;3;2;78;694;357;3;161;135;17;20;3;2;4;12;0;0;0;0
4;1;3;2;79;838;567;22;313;156;33;15;13;1;3;11;0;0;0;0
4;1;3;2;80;547;416;10;193;119;18;45;26;2;0;3;0;0;0;0
4;1;3;2;81;764;459;5;208;158;36;27;17;0;5;3;0;0;0;0
4;1;3;2;82;714;368;9;169;139;10;23;10;2;3;3;0;0;0;0
4;1;3;2;83;260;157;9;39;92;3;10;3;0;1;0;0;0;0;0
4;1;3;2;84;690;515;13;221;176;38;44;18;2;2;1;0;0;0;0
4;1;3;2;85;497;369;3;134;176;26;16;10;1;2;1;0;0;0;0
4;1;3;2;86;553;367;13;130;99;24;64;31;2;4;0;0;0;0;0
4;1;3;2;87;492;278;3;101;65;25;49;30;1;4;0;0;0;0;0
4;1;3;2;88;620;402;13;123;94;53;73;42;0;4;0;0;0;0;0
4;1;3;2;89;558;330;14;112;70;39;62;28;1;4;0;0;0;0;0
4;1;3;2;90;546;344;7;160;85;26;34;28;2;2;0;0;0;0;0
4;1;3;2;91;395;242;6;95;53;26;33;22;0;5;2;0;0;0;0
4;1;3;2;92;641;374;7;170;128;9;41;13;1;4;1;0;0;0;0
4;1;3;2;93;667;375;15;180;112;10;29;9;1;5;14;0;0;0;0
4;1;3;2;94;707;386;11;187;107;15;30;22;2;5;7;0;0;0;0
4;1;3;2;95;537;376;13;169;74;22;57;26;2;13;0;0;0;0;0
4;1;3;2;96;812;509;4;210;68;35;138;44;2;6;2;0;0;0;0
4;1;3;2;97;518;319;6;134;56;15;79;23;0;5;1;0;0;0;0
4;1;3;2;98;875;436;7;146;129;17;98;28;3;2;6;0;0;0;0
4;1;3;2;99;780;454;7;185;72;28;117;36;2;5;2;0;0;0;0
4;1;3;2;100;730;480;6;185;62;15;153;46;1;9;3;0;0;0;0
4;1;3;2;101;519;356;18;146;137;10;6;6;0;2;31;0;0;0;0
4;1;3;2;102;548;362;6;186;115;8;16;9;2;1;19;0;0;0;0
4;1;3;2;103;351;231;2;124;55;8;23;12;0;1;6;0;0;0;0
4;1;3;2;104;615;384;12;159;113;23;51;16;1;7;2;0;0;0;0
4;1;3;2;105;0;8221;77;3398;1525;752;1751;547;23;123;25;0;0;0;0
4;1;4;3;0;0;221;7;83;46;20;48;11;0;5;1;0;0;0;0
4;1;4;3;1;893;554;16;207;102;44;129;41;3;10;2;0;0;0;0
4;1;4;3;2;731;402;7;157;70;32;101;21;0;14;0;0;0;0;0
4;1;4;3;3;773;454;9;184;92;29;105;20;0;11;4;0;0;0;0
4;1;4;3;4;848;508;22;205;93;40;98;37;0;8;5;0;0;0;0
4;1;4;3;5;749;444;19;189;83;33;70;40;1;8;1;0;0;0;0
4;1;4;3;6;781;470;3;198;115;41;71;34;1;5;2;0;0;0;0
4;1;4;3;7;925;547;10;209;118;49;98;52;2;6;3;0;0;0;0
4;1;4;3;8;875;560;3;217;142;44;95;46;1;10;2;0;0;0;0
4;1;4;3;9;664;433;7;168;94;36;74;42;0;12;0;0;0;0;0
4;1;4;3;10;838;516;21;184;108;65;86;46;1;5;0;0;0;0;0
4;1;4;3;11;798;516;27;201;110;48;84;41;0;5;0;0;0;0;0
4;1;4;3;12;841;499;6;187;91;71;89;50;0;4;1;0;0;0;0
4;1;4;3;13;816;524;12;192;117;34;116;45;2;4;2;0;0;0;0
4;1;4;3;14;830;488;12;181;105;34;106;42;0;6;2;0;0;0;0
4;1;4;3;15;385;262;6;98;56;31;38;30;1;2;0;0;0;0;0
4;1;4;3;16;980;562;34;196;141;57;83;45;0;6;0;0;0;0;0
4;1;4;3;17;464;261;6;97;63;19;39;22;3;8;4;0;0;0;0
4;1;4;3;18;780;483;7;202;73;46;97;44;3;7;4;0;0;0;0
4;1;4;3;19;887;542;18;203;110;53;92;51;2;10;3;0;0;0;0
4;1;4;3;20;893;542;20;217;117;42;90;43;0;7;6;0;0;0;0
4;1;4;3;21;905;549;18;226;153;38;77;22;2;12;1;0;0;0;0
4;1;4;3;22;894;494;11;231;80;23;95;43;1;5;5;0;0;0;0
4;1;4;3;23;946;517;2;237;148;19;62;35;1;6;7;0;0;0;0
4;1;4;3;24;835;482;6;236;168;19;15;5;0;1;32;0;0;0;0
4;1;4;3;25;953;514;25;229;127;32;62;26;1;6;6;0;0;0;0
4;1;4;3;26;810;447;16;194;144;30;29;17;3;9;5;0;0;0;0
4;1;4;3;27;976;474;5;200;189;21;30;16;1;6;6;0;0;0;0
4;1;4;3;28;971;523;11;225;213;24;30;8;1;9;2;0;0;0;0
4;1;4;3;29;871;514;6;240;134;29;54;32;3;7;9;0;0;0;0
4;1;4;3;30;993;552;23;237;172;22;64;21;1;6;6;0;0;0;0
4;1;4;3;31;713;457;8;176;110;32;82;39;1;3;6;0;0;0;0
4;1;4;3;32;809;497;18;174;120;49;74;52;2;5;3;0;0;0;0
4;1;4;3;33;649;339;2;132;98;32;38;24;0;8;5;0;0;0;0
4;1;4;3;34;831;467;11;200;128;42;57;21;1;6;1;0;0;0;0
4;1;4;3;35;698;398;4;196;125;13;36;18;0;4;2;0;0;0;0
4;1;4;3;36;774;491;43;247;138;21;23;14;0;3;2;0;0;0;0
4;1;4;3;37;599;369;18;98;70;57;71;49;2;4;0;0;0;0;0
4;1;4;3;38;968;542;8;175;117;94;87;55;1;5;0;0;0;0;0
4;1;4;3;39;744;475;19;177;95;51;80;48;0;5;0;0;0;0;0
4;1;4;3;40;1033;613;18;227;117;91;80;69;0;10;1;0;0;0;0
4;1;4;3;41;757;449;11;163;92;63;71;43;1;2;3;0;0;0;0
4;1;4;3;42;565;354;4;131;74;43;64;32;1;5;0;0;0;0;0
4;1;4;3;43;1006;585;32;213;130;67;94;32;1;14;2;0;0;0;0
4;1;4;3;44;927;584;26;221;105;67;110;46;0;8;1;0;0;0;0
4;1;4;3;45;650;405;4;151;86;50;77;37;0;0;0;0;0;0;0
4;1;4;3;46;736;453;14;186;107;39;62;30;0;10;5;0;0;0;0
4;1;4;3;47;643;369;7;145;91;29;61;26;0;7;3;0;0;0;0
4;1;4;3;48;826;506;20;206;116;44;81;27;0;7;5;0;0;0;0
4;1;4;3;49;622;353;3;137;75;49;58;28;0;3;0;0;0;0;0
4;1;4;3;50;641;367;2;168;86;32;44;27;1;5;2;0;0;0;0
4;1;4;3;51;965;582;14;250;118;57;94;45;1;3;0;0;0;0;0
4;1;4;3;52;561;353;3;153;64;20;81;24;0;1;7;0;0;0;0
4;1;4;3;53;496;236;5;126;82;6;7;4;1;1;4;0;0;0;0
4;1;4;3;54;833;455;8;151;135;53;53;47;1;6;1;0;0;0;0
4;1;4;3;55;797;491;7;175;98;77;74;53;1;6;0;0;0;0;0
4;1;4;3;56;952;563;20;211;95;96;80;54;1;5;1;0;0;0;0
4;1;4;3;57;817;465;12;151;112;73;59;52;0;2;4;0;0;0;0
4;1;4;3;58;575;315;7;120;101;31;17;34;1;4;0;0;0;0;0
4;1;4;3;59;954;536;19;217;112;75;58;46;0;9;0;0;0;0;0
4;1;4;3;60;780;468;10;184;118;42;82;25;1;5;1;0;0;0;0
4;1;4;3;61;921;514;18;207;116;30;79;40;2;15;7;0;0;0;0
4;1;4;3;62;742;426;9;181;99;19;77;26;3;9;3;0;0;0;0
4;1;4;3;63;757;387;21;139;109;35;51;21;1;9;1;0;0;0;0
4;1;4;3;64;813;452;9;192;96;31;83;30;0;4;7;0;0;0;0
4;1;4;3;65;870;434;6;166;127;47;50;30;3;3;2;0;0;0;0
4;1;4;3;66;796;423;19;171;176;8;16;11;0;3;19;0;0;0;0
4;1;4;3;67;745;431;13;163;172;25;20;22;0;6;10;0;0;0;0
4;1;4;3;68;613;402;4;144;102;76;47;21;0;7;1;0;0;0;0
4;1;4;3;69;792;407;23;134;129;57;41;16;0;7;0;0;0;0;0
4;1;4;3;70;443;274;2;134;58;10;49;12;0;6;3;0;0;0;0
4;1;4;3;71;508;294;5;127;48;22;58;30;0;3;1;0;0;0;0
4;1;4;3;72;0;0;0;0;0;0;0;0;0;0;0;0;0;0;0
4;1;4;3;73;0;0;0;0;0;0;0;0;0;0;0;0;0;0;0
4;1;4;3;74;0;0;0;0;0;0;0;0;0;0;0;0;0;0;0
4;1;4;3;75;0;38;4;17;4;9;3;1;0;0;0;0;0;0;0
4;1;4;3;76;0;9405;100;3644;1796;1209;1628;819;15;96;98;0;0;0;0
4;1;5;10;0;0;363;13;164;108;25;29;20;1;2;1;0;0;0;0
4;1;5;10;1;817;601;21;257;187;47;48;20;1;5;15;0;0;0;0
4;1;5;10;2;848;481;9;197;161;30;44;16;5;8;11;0;0;0;0
4;1;5;10;3;891;485;25;188;152;44;39;22;1;9;5;0;0;0;0
4;1;5;10;4;1245;550;6;185;191;45;75;33;4;5;6;0;0;0;0
4;1;5;10;5;531;277;20;104;104;12;17;6;0;3;11;0;0;0;0
4;1;5;10;6;655;356;9;139;131;16;24;17;0;4;16;0;0;0;0
4;1;5;10;7;726;432;5;188;152;26;29;15;0;3;14;0;0;0;0
4;1;5;10;8;640;339;8;132;152;9;21;8;2;3;4;0;0;0;0
4;1;5;10;9;416;230;17;92;67;14;21;9;1;3;6;0;0;0;0
4;1;5;10;10;775;427;6;171;142;35;32;24;0;8;9;0;0;0;0
4;1;5;10;11;908;599;14;250;247;22;35;18;2;5;6;0;0;0;0
4;1;5;10;12;387;219;4;96;101;5;8;2;0;3;0;0;0;0;0
4;1;5;10;13;949;490;11;192;233;11;17;9;1;5;11;0;0;0;0
4;1;5;10;14;800;460;14;234;147;14;17;10;0;0;24;0;0;0;0
4;1;5;10;15;747;417;13;186;136;18;25;11;1;8;19;0;0;0;0
4;1;5;10;16;845;479;7;197;170;27;41;12;2;8;15;0;0;0;0
4;1;5;10;17;478;257;3;103;110;12;13;4;1;1;10;0;0;0;0
4;1;5;10;18;694;375;0;160;159;9;17;10;0;2;18;0;0;0;0
4;1;5;10;19;556;288;9;112;97;27;23;11;1;6;2;0;0;0;0
4;1;5;10;20;690;313;12;107;123;27;28;9;0;5;2;0;0;0;0
4;1;5;10;21;562;316;10;112;95;35;33;12;0;8;11;0;0;0;0
4;1;5;10;22;692;335;17;132;121;18;24;10;1;3;9;0;0;0;0
4;1;5;10;23;513;257;7;100;122;9;7;4;0;1;7;0;0;0;0
4;1;5;10;24;748;379;12;173;134;8;13;9;0;3;27;0;0;0;0
4;1;5;10;25;548;328;9;137;130;9;16;4;0;1;22;0;0;0;0
4;1;5;10;26;657;332;10;145;126;12;17;7;0;3;12;0;0;0;0
4;1;5;10;27;692;383;7;162;141;13;28;17;0;2;13;0;0;0;0
4;1;5;10;28;453;286;5;94;141;17;12;12;0;1;4;0;0;0;0
4;1;5;10;29;829;497;16;200;204;14;14;5;0;2;42;0;0;0;0
4;1;5;10;30;688;401;18;169;153;15;13;5;2;0;26;0;0;0;0
4;1;5;10;31;940;524;15;169;234;19;40;15;2;5;25;0;0;0;0
4;1;5;10;32;853;498;7;192;189;47;30;17;0;4;12;0;0;0;0
4;1;5;10;33;751;365;3;150;159;13;15;13;0;8;4;0;0;0;0
4;1;5;10;34;630;292;8;121;110;13;21;9;0;4;6;0;0;0;0
4;1;5;10;35;732;339;12;110;119;31;30;10;3;5;19;0;0;0;0
4;1;5;10;36;475;252;3;105;77;10;28;6;0;6;17;0;0;0;0
4;1;5;10;37;510;224;2;87;70;14;23;12;0;3;13;0;0;0;0
4;1;5;10;38;770;359;1;169;102;23;28;15;1;9;11;0;0;0;0
4;1;5;10;39;781;441;18;194;128;27;33;18;2;3;18;0;0;0;0
4;1;5;10;40;516;276;8;114;93;18;23;5;1;5;9;0;0;0;0
4;1;5;10;41;806;431;9;164;157;36;35;16;0;4;10;0;0;0;0
4;1;5;10;42;854;511;8;205;225;37;20;6;0;2;8;0;0;0;0
4;1;5;10;43;750;416;3;176;118;35;46;21;0;6;11;0;0;0;0
4;1;5;10;44;695;352;7;123;131;28;36;16;3;4;4;0;0;0;0
4;1;5;10;45;893;456;19;161;168;23;41;27;0;3;14;0;0;0;0
4;1;5;10;46;854;481;12;208;165;21;41;23;0;2;9;0;0;0;0
4;1;5;10;47;905;523;20;188;196;29;46;29;0;6;9;0;0;0;0
4;1;5;10;48;808;461;21;193;142;33;39;21;0;4;8;0;0;0;0
4;1;5;10;49;441;231;3;92;82;17;19;7;0;1;10;0;0;0;0
4;1;5;10;50;583;298;10;130;94;9;30;5;2;3;15;0;0;0;0
4;1;5;10;51;522;278;8;89;106;17;23;15;1;10;9;0;0;0;0
4;1;5;10;52;688;394;9;168;134;22;43;13;1;2;2;0;0;0;0
4;1;5;10;53;614;283;5;110;107;28;17;4;0;4;8;0;0;0;0
4;1;5;10;54;724;359;19;123;182;10;9;4;0;5;7;0;0;0;0
4;1;5;10;55;861;469;4;169;203;27;40;18;0;3;5;0;0;0;0
4;1;5;10;56;584;331;23;107;161;15;8;8;0;1;8;0;0;0;0
4;1;5;10;57;739;457;5;193;160;33;28;17;0;4;17;0;0;0;0
4;1;5;10;58;793;551;13;218;197;24;47;28;1;4;19;0;0;0;0
4;1;5;10;59;891;557;21;219;246;23;18;4;0;2;24;0;0;0;0
4;1;5;10;60;848;430;13;151;197;13;14;9;4;4;25;0;0;0;0
4;1;5;10;61;796;468;7;167;175;46;42;18;1;9;3;0;0;0;0
4;1;5;10;62;837;464;6;198;163;27;38;17;1;4;10;0;0;0;0
4;1;5;10;63;834;485;10;195;182;29;34;23;0;5;7;0;0;0;0
4;1;5;10;64;877;526;24;198;224;22;22;16;1;3;16;0;0;0;0
4;1;5;10;65;687;376;16;133;155;12;29;8;0;7;16;0;0;0;0
4;1;5;10;66;815;437;14;158;211;18;17;10;2;0;7;0;0;0;0
4;1;5;10;67;975;560;9;221;228;41;26;19;0;3;13;0;0;0;0
4;1;5;10;68;712;403;9;186;140;27;24;6;3;2;6;0;0;0;0
4;1;5;10;69;964;575;24;224;251;25;31;9;2;4;5;0;0;0;0
4;1;5;10;70;904;524;7;221;200;35;23;22;1;1;14;0;0;0;0
4;1;5;10;71;808;391;15;166;124;13;22;19;0;6;26;0;0;0;0
4;1;5;10;72;882;490;23;211;178;20;30;16;0;5;7;0;0;0;0
4;1;5;10;73;939;524;13;221;207;34;19;10;1;9;10;0;0;0;0
4;1;5;10;74;1012;603;14;250;263;29;19;16;0;2;10;0;0;0;0
4;1;5;10;75;955;560;17;253;189;18;36;26;1;6;14;0;0;0;0
4;1;5;10;76;905;504;10;214;215;22;18;9;2;4;10;0;0;0;0
4;1;5;10;77;771;427;19;170;172;27;16;14;0;2;7;0;0;0;0
4;1;5;10;78;733;362;6;161;153;15;12;7;0;2;6;0;0;0;0
4;1;5;10;79;954;569;37;239;221;36;19;8;2;4;3;0;0;0;0
4;1;5;10;80;939;500;8;206;200;22;18;13;2;3;28;0;0;0;0
4;1;5;10;81;865;415;15;162;188;3;10;10;1;3;23;0;0;0;0
4;1;5;10;82;725;377;7;144;188;8;4;3;0;2;21;0;0;0;0
4;1;5;10;83;863;463;3;282;109;12;8;5;1;0;43;0;0;0;0
4;1;5;10;84;954;567;11;229;247;28;16;14;2;4;16;0;0;0;0
4;1;5;10;85;1015;602;33;225;198;35;49;35;1;3;23;0;0;0;0
4;1;5;10;86;955;541;6;220;210;27;20;23;0;6;29;0;0;0;0
4;1;5;10;87;697;410;12;160;161;40;14;11;1;2;9;0;0;0;0
4;1;5;10;88;676;403;15;161;132;36;29;21;1;4;4;0;0;0;0
4;1;5;10;89;1072;615;20;288;192;43;38;22;1;6;5;0;0;0;0
4;1;5;10;90;884;565;7;232;241;35;25;13;2;9;1;0;0;0;0
4;1;5;10;91;912;585;22;200;307;10;17;18;1;3;7;0;0;0;0
4;1;5;10;92;830;530;7;228;205;28;32;22;0;2;6;0;0;0;0
4;1;5;10;93;882;614;11;239;212;68;48;30;1;4;1;0;0;0;0
4;1;5;10;94;982;704;35;259;241;73;44;38;2;6;6;0;0;0;0
4;1;5;10;95;934;570;9;239;253;28;17;18;1;4;1;0;0;0;0
4;1;5;10;96;1048;650;37;243;250;46;31;23;1;5;14;0;0;0;0
4;1;5;10;97;534;311;10;149;106;10;13;13;0;4;6;0;0;0;0
4;1;5;10;98;767;447;28;179;208;13;11;3;2;1;2;0;0;0;0
4;1;5;10;99;699;415;8;170;192;17;14;4;1;1;8;0;0;0;0
4;1;5;10;100;975;656;17;239;293;28;30;30;2;14;3;0;0;0;0
4;1;5;10;101;695;469;7;206;180;16;18;13;2;3;24;0;0;0;0
4;1;5;10;102;1142;541;15;195;282;15;12;6;0;7;9;0;0;0;0
4;1;5;10;103;1004;533;8;233;195;33;29;23;0;2;10;0;0;0;0
4;1;5;10;104;1012;588;7;227;177;45;66;50;0;4;12;0;0;0;0
4;1;5;10;105;564;371;10;146;97;32;51;26;0;5;4;0;0;0;0
4;1;5;10;106;817;558;26;267;222;15;11;16;0;1;0;0;0;0;0
4;1;5;10;107;828;602;8;204;284;32;36;30;2;6;0;0;0;0;0
4;1;5;10;108;937;666;19;281;235;25;46;47;2;8;3;0;0;0;0
4;1;5;10;109;916;650;24;247;306;24;24;15;3;5;2;0;0;0;0
4;1;5;10;110;907;615;2;212;311;25;16;23;1;6;19;0;0;0;0
4;1;5;10;111;646;409;13;138;217;13;11;7;1;1;8;0;0;0;0
4;1;5;10;112;896;564;7;221;265;29;20;16;0;6;0;0;0;0;0
4;1;5;10;113;683;414;11;151;196;21;18;12;2;3;0;0;0;0;0
4;1;5;10;114;949;639;12;259;294;24;15;14;2;4;15;0;0;0;0
4;1;5;10;115;1072;660;8;344;209;20;10;9;0;2;58;0;0;0;0
4;1;5;10;116;819;534;24;211;251;20;14;10;0;4;0;0;0;0;0
4;1;5;10;117;775;481;23;181;203;28;19;8;1;3;15;0;0;0;0
4;1;5;10;118;737;523;19;186;272;8;14;18;3;3;0;0;0;0;0
4;1;5;10;119;786;542;22;205;236;20;30;16;1;8;4;0;0;0;0
4;1;5;10;120;1038;655;24;227;337;20;21;13;3;7;3;0;0;0;0
4;1;5;10;121;712;451;11;200;169;14;14;9;1;2;31;0;0;0;0
4;1;5;10;122;1084;700;38;323;264;34;16;9;1;5;10;0;0;0;0
4;1;5;10;123;1011;627;11;293;266;20;13;11;0;0;13;0;0;0;0
4;1;5;10;124;1102;657;10;262;308;30;16;7;1;3;20;0;0;0;0
4;1;5;10;125;930;529;11;218;228;20;13;9;1;7;22;0;0;0;0
4;1;5;10;126;821;496;3;197;247;14;9;17;0;1;8;0;0;0;0
4;1;5;10;127;876;551;6;190;295;28;15;7;3;3;4;0;0;0;0
4;1;5;10;128;831;485;29;211;195;20;2;9;0;2;17;0;0;0;0
4;1;5;10;129;876;562;12;226;255;26;12;20;0;4;7;0;0;0;0
4;1;5;10;130;211;153;6;57;35;48;1;5;0;0;1;0;0;0;0
4;1;5;10;131;690;487;6;142;156;95;47;37;0;4;0;0;0;0;0
4;1;5;10;132;812;609;11;176;241;92;40;37;2;6;4;0;0;0;0
4;1;5;10;133;1019;718;17;249;265;97;43;42;1;3;1;0;0;0;0
4;1;5;10;134;623;435;30;122;184;43;32;20;0;2;2;0;0;0;0
4;1;5;10;135;998;722;12;227;349;44;37;34;6;4;9;0;0;0;0
4;1;5;10;136;880;595;14;215;199;79;44;30;3;8;3;0;0;0;0
4;1;5;10;137;1051;771;36;240;336;82;40;34;0;3;0;0;0;0;0
4;1;5;10;138;728;423;5;175;65;38;102;22;0;5;11;0;0;0;0
4;1;5;10;139;472;305;1;135;43;14;83;18;0;1;10;0;0;0;0
4;1;5;10;140;401;250;1;111;46;13;66;9;0;4;0;0;0;0;0
4;1;5;10;141;0;37;0;26;7;4;0;0;0;0;0;0;0;0;0
4;1;5;10;142;0;0;0;0;0;0;0;0;0;0;0;0;0;0;0
4;1;5;10;143;0;12236;129;5348;4054;922;1037;512;28;119;87;0;0;0;0
4;1;6;11;0;0;174;8;65;74;6;10;5;1;3;2;0;0;0;0
4;1;6;11;1;568;319;3;170;115;4;6;7;0;3;11;0;0;0;0
4;1;6;11;2;872;544;23;177;230;53;27;23;1;4;6;0;0;0;0
4;1;6;11;3;868;574;17;221;280;22;11;13;0;5;5;0;0;0;0
4;1;6;11;4;491;235;2;101;97;8;8;2;0;5;12;0;0;0;0
4;1;6;11;5;861;536;6;146;267;27;31;35;1;4;19;0;0;0;0
4;1;6;11;6;937;480;16;207;160;27;36;17;0;6;11;0;0;0;0
4;1;6;11;7;945;568;7;194;298;19;21;12;0;2;15;0;0;0;0
4;1;6;11;8;1051;629;36;271;202;30;17;13;2;0;58;0;0;0;0
4;1;6;11;9;879;498;9;216;219;13;12;17;3;3;6;0;0;0;0
4;1;6;11;10;848;555;9;240;162;31;69;31;1;6;6;0;0;0;0
4;1;6;11;11;915;527;12;192;237;23;33;14;2;5;9;0;0;0;0
4;1;6;11;12;963;575;23;233;105;36;105;51;1;21;0;0;0;0;0
4;1;6;11;13;734;424;5;190;133;25;46;22;0;2;1;0;0;0;0
4;1;6;11;14;461;253;9;116;80;17;10;8;0;1;12;0;0;0;0
4;1;6;11;15;562;298;8;128;129;12;9;7;1;2;2;0;0;0;0
4;1;6;11;16;888;537;11;235;241;19;11;8;1;6;5;0;0;0;0
4;1;6;11;17;530;303;14;103;114;24;17;15;1;6;9;0;0;0;0
4;1;6;11;18;677;306;9;105;121;17;19;16;1;2;16;0;0;0;0
4;1;6;11;19;368;292;8;133;92;18;21;12;0;4;4;0;0;0;0
4;1;6;11;20;802;455;15;195;190;17;6;8;1;5;18;0;0;0;0
4;1;6;11;21;945;584;5;269;224;33;31;13;1;4;4;0;0;0;0
4;1;6;11;22;820;498;7;225;125;13;80;31;3;10;4;0;0;0;0
4;1;6;11;23;844;548;16;252;225;13;17;18;1;4;2;0;0;0;0
4;1;6;11;24;778;389;8;150;193;5;14;10;2;2;5;0;0;0;0
4;1;6;11;25;669;364;3;148;132;19;29;21;0;3;9;0;0;0;0
4;1;6;11;26;871;498;17;177;219;26;25;19;2;4;9;0;0;0;0
4;1;6;11;27;946;530;11;199;237;19;15;16;1;1;31;0;0;0;0
4;1;6;11;28;878;526;22;214;213;24;21;13;2;6;11;0;0;0;0
4;1;6;11;29;576;304;3;136;119;11;13;8;1;6;7;0;0;0;0
4;1;6;11;30;776;502;35;196;198;18;21;22;0;8;4;0;0;0;0
4;1;6;11;31;737;425;5;141;182;38;21;25;0;4;9;0;0;0;0
4;1;6;11;32;698;521;18;166;223;55;28;25;1;2;3;0;0;0;0
4;1;6;11;33;897;609;26;218;282;28;23;22;2;6;2;0;0;0;0
4;1;6;11;34;898;609;20;238;269;33;18;22;2;0;7;0;0;0;0
4;1;6;11;35;906;490;16;160;255;9;11;9;0;11;19;0;0;0;0
4;1;6;11;36;1036;627;4;233;306;15;24;9;0;10;26;0;0;0;0
4;1;6;11;37;754;452;14;184;160;24;38;18;1;4;9;0;0;0;0
4;1;6;11;38;794;454;17;188;178;20;20;22;2;3;4;0;0;0;0
4;1;6;11;39;1030;639;12;269;248;29;47;26;2;5;1;0;0;0;0
4;1;6;11;40;1036;595;13;233;268;21;25;17;0;7;11;0;0;0;0
4;1;6;11;41;901;522;33;207;237;18;5;7;1;3;11;0;0;0;0
4;1;6;11;42;936;601;18;204;309;19;13;17;2;1;18;0;0;0;0
4;1;6;11;43;767;523;16;226;215;19;17;19;2;6;3;0;0;0;0
4;1;6;11;44;774;454;18;187;200;16;11;13;0;1;8;0;0;0;0
4;1;6;11;45;980;667;26;254;236;29;61;38;1;10;12;0;0;0;0
4;1;6;11;46;813;519;5;193;280;13;8;6;0;5;9;0;0;0;0
4;1;6;11;47;735;494;18;167;242;20;28;15;0;3;1;0;0;0;0
4;1;6;11;48;752;463;22;181;176;31;25;21;1;1;5;0;0;0;0
4;1;6;11;49;742;473;20;172;222;27;15;15;0;2;0;0;0;0;0
4;1;6;11;50;840;481;23;149;198;62;24;16;5;2;2;0;0;0;0
4;1;6;11;51;883;637;26;183;326;44;22;31;1;3;1;0;0;0;0
4;1;6;11;52;821;494;6;184;244;12;11;14;0;2;21;0;0;0;0
4;1;6;11;53;873;563;10;255;210;29;24;15;0;11;9;0;0;0;0
4;1;6;11;54;690;484;12;177;229;21;18;21;0;5;1;0;0;0;0
4;1;6;11;55;957;621;37;220;280;34;28;17;2;0;3;0;0;0;0
4;1;6;11;56;1071;694;10;302;324;23;5;8;0;7;15;0;0;0;0
4;1;6;11;57;976;606;20;222;289;23;15;17;1;3;16;0;0;0;0
4;1;6;11;58;918;604;8;244;298;9;18;10;2;1;14;0;0;0;0
4;1;6;11;59;586;428;6;163;171;21;36;28;0;2;1;0;0;0;0
4;1;6;11;60;1137;762;28;263;338;50;34;42;2;3;2;0;0;0;0
4;1;6;11;61;916;562;36;171;267;35;16;8;0;4;25;0;0;0;0
4;1;6;11;62;892;556;14;205;285;21;10;2;0;3;16;0;0;0;0
4;1;6;11;63;1067;707;18;275;342;22;16;5;1;4;24;0;0;0;0
4;1;6;11;64;1148;736;25;291;342;30;16;21;1;7;3;0;0;0;0
4;1;6;11;65;1064;670;22;233;308;25;49;27;0;2;4;0;0;0;0
4;1;6;11;66;1144;729;27;238;351;31;26;29;3;14;10;0;0;0;0
4;1;6;11;67;1023;631;12;254;284;21;23;25;0;2;10;0;0;0;0
4;1;6;11;68;843;523;16;204;239;12;18;21;2;0;11;0;0;0;0
4;1;6;11;69;903;528;11;203;249;16;14;15;0;4;16;0;0;0;0
4;1;6;11;70;575;353;8;125;150;15;20;21;0;4;10;0;0;0;0
4;1;6;11;71;656;334;1;122;137;25;25;20;0;1;3;0;0;0;0
4;1;6;11;72;709;332;5;137;88;26;49;22;0;3;2;0;0;0;0
4;1;6;11;73;0;6648;87;2858;2354;450;471;288;22;53;65;0;0;0;0
4;1;7;12;0;0;191;1;86;56;9;24;10;0;5;0;0;0;0;0
4;1;7;12;1;903;455;16;177;137;32;61;16;1;7;8;0;0;0;0
4;1;7;12;2;787;426;9;199;130;15;43;23;0;3;4;0;0;0;0
4;1;7;12;3;870;392;8;152;166;14;24;4;1;7;16;0;0;0;0
4;1;7;12;4;822;424;20;172;99;27;70;23;0;9;4;0;0;0;0
4;1;7;12;5;440;264;11;114;79;11;36;9;1;2;1;0;0;0;0
4;1;7;12;6;632;341;6;144;130;12;26;7;3;7;6;0;0;0;0
4;1;7;12;7;817;455;25;174;173;25;38;13;2;1;4;0;0;0;0
4;1;7;12;8;733;382;6;173;105;19;49;19;2;2;7;0;0;0;0
4;1;7;12;9;709;412;13;149;116;41;55;30;0;5;3;0;0;0;0
4;1;7;12;10;933;546;14;180;146;56;98;36;1;11;4;0;0;0;0
4;1;7;12;11;1176;808;25;347;259;37;91;35;1;4;9;0;0;0;0
4;1;7;12;12;787;409;8;153;188;12;28;11;3;4;2;0;0;0;0
4;1;7;12;13;1068;553;20;243;198;15;37;16;3;7;14;0;0;0;0
4;1;7;12;14;658;423;12;147;177;26;33;23;2;1;2;0;0;0;0
4;1;7;12;15;1000;575;26;240;178;37;62;20;1;5;6;0;0;0;0
4;1;7;12;16;530;316;6;137;82;15;39;18;2;7;10;0;0;0;0
4;1;7;12;17;438;172;3;64;38;38;19;7;1;1;1;0;0;0;0
4;1;7;12;18;869;454;9;190;142;25;50;21;7;5;5;0;0;0;0
4;1;7;12;19;782;430;12;170;184;17;14;12;4;2;15;0;0;0;0
4;1;7;12;20;919;543;6;228;191;31;58;20;0;6;3;0;0;0;0
4;1;7;12;21;706;413;6;174;178;15;24;6;0;3;7;0;0;0;0
4;1;7;12;22;744;388;5;147;118;34;50;14;0;11;9;0;0;0;0
4;1;7;12;23;794;456;11;174;167;26;46;19;1;2;10;0;0;0;0
4;1;7;12;24;715;415;20;169;128;29;31;23;2;7;6;0;0;0;0
4;1;7;12;25;699;374;13;155;105;24;47;20;1;2;7;0;0;0;0
4;1;7;12;26;849;474;8;178;167;27;52;21;0;8;13;0;0;0;0
4;1;7;12;27;1016;626;7;276;211;38;52;23;5;10;4;0;0;0;0
4;1;7;12;28;971;595;10;235;207;47;47;33;1;5;10;0;0;0;0
4;1;7;12;29;831;459;12;151;123;45;79;30;2;12;5;0;0;0;0
4;1;7;12;30;939;524;5;174;151;63;92;32;0;7;0;0;0;0;0
4;1;7;12;31;864;479;25;183;164;30;45;15;0;7;10;0;0;0;0
4;1;7;12;32;1413;790;6;306;176;33;184;67;0;10;8;0;0;0;0
4;1;7;12;33;946;550;16;225;140;56;65;35;1;6;6;0;0;0;0
4;1;7;12;34;573;337;4;131;83;24;62;23;0;8;2;0;0;0;0
4;1;7;12;35;710;422;6;166;112;42;69;18;1;6;2;0;0;0;0
4;1;7;12;36;843;490;12;155;116;66;83;56;1;1;0;0;0;0;0
4;1;7;12;37;608;365;2;140;93;44;56;20;0;1;9;0;0;0;0
4;1;7;12;38;572;253;3;93;65;27;37;22;0;6;0;0;0;0;0
4;1;7;12;39;828;451;18;175;95;41;88;28;0;6;0;0;0;0;0
4;1;7;12;40;787;419;10;170;109;43;57;19;0;8;3;0;0;0;0
4;1;7;12;41;1003;524;29;218;195;28;21;16;2;6;9;0;0;0;0
4;1;7;12;42;985;507;9;212;209;11;21;15;2;7;21;0;0;0;0
4;1;7;12;43;1107;638;8;269;285;20;31;15;5;3;2;0;0;0;0
4;1;7;12;44;1116;608;39;268;233;12;13;9;0;4;30;0;0;0;0
4;1;7;12;45;1126;726;36;256;281;53;44;38;3;7;8;0;0;0;0
4;1;7;12;46;1116;688;14;280;228;60;51;44;0;5;6;0;0;0;0
4;1;7;12;47;1129;572;18;245;228;12;20;17;2;9;21;0;0;0;0
4;1;7;12;48;731;452;18;164;132;41;57;37;1;2;0;0;0;0;0
4;1;7;12;49;866;541;12;189;149;85;62;32;0;8;4;0;0;0;0
4;1;7;12;50;823;512;10;173;147;75;65;33;0;6;3;0;0;0;0
4;1;7;12;51;682;486;10;164;142;57;68;36;1;8;0;0;0;0;0
4;1;7;12;52;984;628;19;255;257;46;17;19;3;4;8;0;0;0;0
4;1;7;12;53;1192;791;18;345;300;47;45;20;3;3;10;0;0;0;0
4;1;7;12;54;449;287;11;150;77;36;5;8;0;0;0;0;0;0;0
4;1;7;12;55;1035;537;12;256;202;15;18;13;0;4;17;0;0;0;0
4;1;7;12;56;726;428;10;215;164;17;10;6;1;2;3;0;0;0;0
4;1;7;12;57;994;567;19;308;160;22;12;12;1;1;32;0;0;0;0
4;1;7;12;58;957;591;14;216;231;57;45;20;1;1;6;0;0;0;0
4;1;7;12;59;844;461;9;196;150;27;45;22;2;5;5;0;0;0;0
4;1;7;12;60;839;545;12;209;166;61;46;36;1;9;5;0;0;0;0
4;1;7;12;61;654;426;4;173;129;33;53;26;2;5;1;0;0;0;0
4;1;7;12;62;981;602;7;218;214;64;58;31;2;3;5;0;0;0;0
4;1;7;12;63;1186;817;39;365;252;74;40;32;0;7;8;0;0;0;0
4;1;7;12;64;882;622;18;225;230;54;47;42;0;3;3;0;0;0;0
4;1;7;12;65;658;445;25;174;135;42;33;27;1;8;0;0;0;0;0
4;1;7;12;66;0;6793;75;2849;1661;708;940;440;17;80;23;0;0;0;0
4;1;8;13;0;0;133;3;47;31;20;20;10;0;2;0;0;0;0;0
4;1;8;13;1;1053;646;8;168;167;144;92;61;0;5;1;0;0;0;0
4;1;8;13;2;1119;606;16;219;174;87;55;44;0;7;4;0;0;0;0
4;1;8;13;3;787;515;5;158;170;83;50;39;0;8;2;0;0;0;0
4;1;8;13;4;910;521;13;191;138;58;67;40;1;11;2;0;0;0;0
4;1;8;13;5;1057;698;22;261;141;108;87;68;2;8;1;0;0;0;0
4;1;8;13;6;1014;635;12;195;143;154;75;50;2;3;1;0;0;0;0
4;1;8;13;7;842;537;9;175;105;124;56;57;1;9;1;0;0;0;0
4;1;8;13;8;647;408;11;137;89;80;51;33;1;6;0;0;0;0;0
4;1;8;13;9;699;482;8;166;147;75;36;47;1;2;0;0;0;0;0
4;1;8;13;10;802;565;10;147;155;141;49;54;3;6;0;0;0;0;0
4;1;8;13;11;919;650;10;162;147;158;86;82;1;3;1;0;0;0;0
4;1;8;13;12;818;574;14;145;133;144;68;65;0;5;0;0;0;0;0
4;1;8;13;13;764;466;6;181;95;108;35;31;1;9;0;0;0;0;0
4;1;8;13;14;946;622;6;210;130;95;94;80;3;3;1;0;0;0;0
4;1;8;13;15;974;642;4;201;135;157;71;67;0;4;3;0;0;0;0
4;1;8;13;16;934;591;15;221;130;121;56;39;2;6;1;0;0;0;0
4;1;8;13;17;1073;676;16;206;162;135;88;61;2;5;1;0;0;0;0
4;1;8;13;18;988;665;20;199;137;152;82;72;1;2;0;0;0;0;0
4;1;8;13;19;1000;614;19;168;156;135;61;66;2;7;0;0;0;0;0
4;1;8;13;20;1140;747;27;180;132;181;85;132;0;10;0;0;0;0;0
4;1;8;13;21;927;562;11;184;158;94;57;50;0;7;1;0;0;0;0
4;1;8;13;22;1184;759;13;221;268;117;71;64;2;3;0;0;0;0;0
4;1;8;13;23;1130;738;18;239;195;138;82;59;0;5;2;0;0;0;0
4;1;8;13;24;1108;621;19;285;223;35;30;17;2;10;0;0;0;0;0
4;1;8;13;25;789;554;13;186;116;138;53;43;1;4;0;0;0;0;0
4;1;8;13;26;1055;701;8;195;152;157;109;74;0;5;1;0;0;0;0
4;1;8;13;27;958;596;7;198;159;97;53;76;2;4;0;0;0;0;0
4;1;8;13;28;924;628;14;268;171;67;53;50;2;2;1;0;0;0;0
4;1;8;13;29;913;620;11;193;149;132;70;62;0;3;0;0;0;0;0
4;1;8;13;30;1132;664;17;213;174;133;64;52;1;9;1;0;0;0;0
4;1;8;13;31;853;540;19;221;209;41;25;18;1;5;1;0;0;0;0
4;1;8;13;32;959;613;11;205;131;115;78;69;2;2;0;0;0;0;0
4;1;8;13;33;946;610;28;167;134;132;75;68;0;5;1;0;0;0;0
4;1;8;13;34;761;493;11;132;115;116;53;62;0;3;1;0;0;0;0
4;1;8;13;35;906;611;9;197;227;83;52;33;1;8;1;0;0;0;0
4;1;8;13;36;935;597;17;146;158;134;63;61;1;14;3;0;0;0;0
4;1;8;13;37;1171;675;26;202;209;119;48;61;2;7;1;0;0;0;0
4;1;8;13;38;891;572;10;150;116;149;82;61;0;3;1;0;0;0;0
4;1;8;13;39;618;408;5;91;77;108;57;66;0;4;0;0;0;0;0
4;1;8;13;40;651;422;14;150;110;62;51;27;0;6;2;0;0;0;0
4;1;8;13;41;597;376;8;130;106;70;34;23;0;3;2;0;0;0;0
4;1;8;13;42;0;0;0;0;0;0;0;0;0;0;0;0;0;0;0
4;1;8;13;43;0;0;0;0;0;0;0;0;0;0;0;0;0;0;0
4;1;8;13;44;0;0;0;0;0;0;0;0;0;0;0;0;0;0;0
4;1;8;13;45;0;0;0;0;0;0;0;0;0;0;0;0;0;0;0
4;1;8;13;46;0;6060;54;1983;1345;1342;674;609;12;33;8;0;0;0;0
4;1;9;14;0;0;264;5;122;70;13;30;18;1;5;0;0;0;0;0
4;1;9;14;1;773;420;12;150;130;36;58;21;2;7;4;0;0;0;0
4;1;9;14;2;892;541;13;187;139;73;82;37;0;7;3;0;0;0;0
4;1;9;14;3;729;427;13;179;136;28;36;30;0;5;0;0;0;0;0
4;1;9;14;4;707;443;6;160;122;54;60;37;3;1;0;0;0;0;0
4;1;9;14;5;580;357;5;143;95;47;40;23;0;1;3;0;0;0;0
4;1;9;14;6;858;482;12;157;107;72;87;38;2;7;0;0;0;0;0
4;1;9;14;7;933;592;4;197;106;93;127;57;0;7;1;0;0;0;0
4;1;9;14;8;1001;504;22;158;127;49;105;40;2;1;0;0;0;0;0
4;1;9;14;9;870;537;18;187;123;65;90;48;1;3;2;0;0;0;0
4;1;9;14;10;960;568;6;266;176;44;43;21;3;4;5;0;0;0;0
4;1;9;14;11;585;395;10;136;111;66;36;33;2;1;0;0;0;0;0
4;1;9;14;12;943;620;30;272;176;71;44;18;4;4;1;0;0;0;0
4;1;9;14;13;967;565;18;231;226;25;40;13;3;4;5;0;0;0;0
4;1;9;14;14;850;557;7;236;172;46;62;26;2;3;3;0;0;0;0
4;1;9;14;15;661;356;18;123;128;20;39;13;1;2;12;0;0;0;0
4;1;9;14;16;766;454;5;156;145;54;56;36;0;1;1;0;0;0;0
4;1;9;14;17;1155;787;15;264;277;80;75;63;3;10;0;0;0;0;0
4;1;9;14;18;1102;680;30;288;188;73;40;53;3;2;3;0;0;0;0
4;1;9;14;19;896;688;38;208;158;136;86;60;0;2;0;0;0;0;0
4;1;9;14;20;1101;656;10;248;158;86;86;63;0;5;0;0;0;0;0
4;1;9;14;21;1023;679;9;241;160;115;81;67;2;4;0;0;0;0;0
4;1;9;14;22;963;630;17;218;189;79;72;44;2;8;1;0;0;0;0
4;1;9;14;23;817;518;14;171;157;51;74;40;1;8;2;0;0;0;0
4;1;9;14;24;856;536;24;180;205;45;50;23;4;3;2;0;0;0;0
4;1;9;14;25;656;400;14;145;161;17;34;22;2;4;1;0;0;0;0
4;1;9;14;26;974;556;16;211;236;32;33;21;1;6;0;0;0;0;0
4;1;9;14;27;1000;608;13;257;231;29;42;21;2;9;4;0;0;0;0
4;1;9;14;28;720;419;10;188;142;28;23;19;2;5;2;0;0;0;0
4;1;9;14;29;635;376;5;185;143;15;11;7;1;5;4;0;0;0;0
4;1;9;14;30;778;568;26;171;154;93;57;57;1;9;0;0;0;0;0
4;1;9;14;31;654;381;16;138;139;29;38;14;2;5;0;0;0;0;0
4;1;9;14;32;731;447;21;140;154;61;38;24;3;3;3;0;0;0;0
4;1;9;14;33;1062;647;9;238;238;72;45;34;1;4;6;0;0;0;0
4;1;9;14;34;649;484;4;158;161;73;43;42;1;1;1;0;0;0;0
4;1;9;14;35;790;483;7;196;139;61;37;35;2;3;3;0;0;0;0
4;1;9;14;36;829;439;2;190;163;26;28;18;0;7;5;0;0;0;0
4;1;9;14;37;960;550;16;206;140;54;74;44;3;10;3;0;0;0;0
4;1;9;14;38;938;643;5;190;169;98;108;63;3;7;0;0;0;0;0
4;1;9;14;39;988;638;11;260;176;74;73;43;0;1;0;0;0;0;0
4;1;9;14;40;1031;662;10;243;132;92;109;63;3;6;4;0;0;0;0
4;1;9;14;41;1033;676;18;236;164;99;107;49;2;1;0;0;0;0;0
4;1;9;14;42;1136;701;15;232;225;79;99;43;1;7;0;0;0;0;0
4;1;9;14;43;1030;533;14;228;113;35;84;35;2;7;15;0;0;0;0
4;1;9;14;44;939;484;12;180;148;23;75;22;1;6;17;0;0;0;0
4;1;9;14;45;1009;533;23;180;134;48;100;37;1;9;1;0;0;0;0
4;1;9;14;46;685;472;9;142;139;76;51;47;0;8;0;0;0;0;0
4;1;9;14;47;864;448;7;150;166;20;65;26;0;11;3;0;0;0;0
4;1;9;14;48;825;435;5;175;179;21;40;8;0;1;6;0;0;0;0
4;1;9;14;49;749;501;12;199;122;40;103;19;0;5;1;0;0;0;0
4;1;9;14;50;1030;588;20;233;227;39;44;15;1;7;2;0;0;0;0
4;1;9;14;51;646;374;5;135;113;37;56;24;1;2;1;0;0;0;0
4;1;9;14;52;1006;581;5;245;211;48;39;29;2;2;0;0;0;0;0
4;1;9;14;53;999;571;12;247;191;47;49;18;2;2;3;0;0;0;0
4;1;9;14;54;996;596;14;256;184;38;71;21;3;2;7;0;0;0;0
4;1;9;14;55;1106;703;15;246;178;100;103;50;0;10;1;0;0;0;0
4;1;9;14;56;1004;726;6;233;213;122;78;67;1;6;0;0;0;0;0
4;1;9;14;57;1167;816;8;273;254;90;114;59;3;15;0;0;0;0;0
4;1;9;14;58;983;645;4;228;238;66;51;40;4;9;5;0;0;0;0
4;1;9;14;59;1116;702;15;278;244;46;65;40;4;7;3;0;0;0;0
4;1;9;14;60;750;435;9;157;141;37;54;29;4;2;2;0;0;0;0
4;1;9;14;61;673;414;3;158;137;25;57;19;0;14;1;0;0;0;0
4;1;9;14;62;963;532;11;208;170;27;80;17;4;12;3;0;0;0;0
4;1;9;14;63;838;497;7;173;143;55;85;24;0;7;3;0;0;0;0
4;1;9;14;64;985;620;9;221;163;63;103;53;1;5;2;0;0;0;0
4;1;9;14;65;918;598;19;217;162;58;87;35;7;13;0;0;0;0;0
4;1;9;14;66;1172;673;7;235;274;47;62;27;2;9;10;0;0;0;0
4;1;9;14;67;1005;623;14;230;227;36;71;27;4;10;4;0;0;0;0
4;1;9;14;68;0;0;0;0;0;0;0;0;0;0;0;0;0;0;0
4;1;9;14;69;0;0;0;0;0;0;0;0;0;0;0;0;0;0;0
4;1;9;14;70;0;8607;77;3311;2161;1109;1224;603;24;86;12;0;0;0;0
4;1;10;15;0;0;171;3;58;43;14;37;11;0;4;1;0;0;0;0
4;1;10;15;1;1086;593;26;258;246;15;21;8;1;3;15;0;0;0;0
4;1;10;15;2;976;556;22;287;159;36;29;11;8;2;2;0;0;0;0
4;1;10;15;3;985;614;11;253;181;50;86;18;1;12;2;0;0;0;0
4;1;10;15;4;861;483;28;218;169;19;27;13;2;3;4;0;0;0;0
4;1;10;15;5;838;418;5;194;137;21;21;19;1;3;17;0;0;0;0
4;1;10;15;6;932;537;7;228;147;29;85;21;1;12;7;0;0;0;0
4;1;10;15;7;751;380;20;136;106;35;56;19;2;5;1;0;0;0;0
4;1;10;15;8;855;458;21;187;102;32;88;18;0;10;0;0;0;0;0
4;1;10;15;9;778;436;20;146;114;25;93;22;3;8;5;0;0;0;0
4;1;10;15;10;846;442;16;187;115;22;56;16;0;13;17;0;0;0;0
4;1;10;15;11;880;464;12;167;121;23;115;15;0;6;5;0;0;0;0
4;1;10;15;12;830;479;4;180;91;32;131;34;1;5;1;0;0;0;0
4;1;10;15;13;1007;578;7;224;146;44;111;34;0;11;1;0;0;0;0
4;1;10;15;14;750;376;11;145;81;20;92;18;0;3;6;0;0;0;0
4;1;10;15;15;793;426;4;159;78;34;107;25;1;10;8;0;0;0;0
4;1;10;15;16;672;413;10;155;130;23;69;19;1;4;2;0;0;0;0
4;1;10;15;17;833;438;11;176;128;20;64;17;4;8;10;0;0;0;0
4;1;10;15;18;195;124;2;50;26;7;33;6;0;0;0;0;0;0;0
4;1;10;15;19;628;365;8;140;86;34;64;22;0;7;4;0;0;0;0
4;1;10;15;20;796;436;10;188;105;14;82;25;1;8;3;0;0;0;0
4;1;10;15;21;844;471;10;202;108;28;84;27;1;5;6;0;0;0;0
4;1;10;15;22;882;469;3;187;147;25;69;24;0;9;5;0;0;0;0
4;1;10;15;23;994;487;14;206;159;28;38;23;1;11;7;0;0;0;0
4;1;10;15;24;945;517;6;233;142;30;67;17;2;7;13;0;0;0;0
4;1;10;15;25;917;504;7;214;126;38;84;19;2;5;9;0;0;0;0
4;1;10;15;26;756;389;1;182;109;18;51;21;1;0;6;0;0;0;0
4;1;10;15;27;716;429;2;175;121;26;66;27;2;4;6;0;0;0;0
4;1;10;15;28;952;572;16;224;182;30;87;17;2;8;6;0;0;0;0
4;1;10;15;29;748;368;13;145;103;16;59;17;0;5;10;0;0;0;0
4;1;10;15;30;708;421;16;164;131;26;51;9;0;8;16;0;0;0;0
4;1;10;15;31;568;274;5;122;74;10;41;10;0;8;4;0;0;0;0
4;1;10;15;32;847;568;17;237;99;32;143;30;0;8;2;0;0;0;0
4;1;10;15;33;744;408;6;184;92;18;80;13;0;14;1;0;0;0;0
4;1;10;15;34;894;491;17;184;108;34;109;31;0;7;1;0;0;0;0
4;1;10;15;35;783;415;8;173;71;33;90;24;0;12;4;0;0;0;0
4;1;10;15;36;817;438;15;203;101;19;79;14;0;3;4;0;0;0;0
4;1;10;15;37;804;437;3;163;89;25;105;39;0;6;7;0;0;0;0
4;1;10;15;38;805;455;15;181;122;30;75;21;0;9;2;0;0;0;0
4;1;10;15;39;781;410;7;175;112;24;60;27;0;5;0;0;0;0;0
4;1;10;15;40;899;486;21;226;124;29;46;25;1;3;11;0;0;0;0
4;1;10;15;41;824;477;12;179;164;42;53;19;1;7;0;0;0;0;0
4;1;10;15;42;693;395;6;150;97;35;74;24;0;4;5;0;0;0;0
4;1;10;15;43;888;536;6;275;151;28;48;17;0;2;9;0;0;0;0
4;1;10;15;44;938;543;13;221;163;33;71;22;0;10;10;0;0;0;0
4;1;10;15;45;779;414;15;188;114;16;45;19;0;9;8;0;0;0;0
4;1;10;15;46;787;425;14;190;123;21;55;11;0;5;6;0;0;0;0
4;1;10;15;47;965;510;10;223;139;23;74;22;1;6;12;0;0;0;0
4;1;10;15;48;820;476;17;199;130;28;80;18;0;3;1;0;0;0;0
4;1;10;15;49;801;438;22;156;109;25;82;19;3;8;14;0;0;0;0
4;1;10;15;50;0;5425;62;2275;1168;399;1138;276;8;78;21;0;0;0;0
4;1;11;16;0;0;257;6;103;73;20;34;18;1;2;0;0;0;0;0
4;1;11;16;1;550;267;6;109;56;21;46;18;0;7;4;0;0;0;0
4;1;11;16;2;637;314;7;140;59;15;64;19;0;4;6;0;0;0;0
4;1;11;16;3;752;430;7;166;75;30;111;17;2;15;7;0;0;0;0
4;1;11;16;4;791;469;18;179;111;39;85;21;0;9;7;0;0;0;0
4;1;11;16;5;663;357;45;118;60;33;75;10;0;8;8;0;0;0;0
4;1;11;16;6;664;345;1;149;46;19;93;16;0;12;9;0;0;0;0
4;1;11;16;7;681;412;11;159;69;30;119;14;1;5;4;0;0;0;0
4;1;11;16;8;704;379;6;176;76;25;63;16;0;5;12;0;0;0;0
4;1;11;16;9;646;360;5;141;101;14;70;15;3;7;4;0;0;0;0
4;1;11;16;10;512;280;8;109;85;12;47;9;0;7;3;0;0;0;0
4;1;11;16;11;603;304;7;100;81;20;69;15;1;6;5;0;0;0;0
4;1;11;16;12;853;483;18;193;110;39;81;19;0;12;11;0;0;0;0
4;1;11;16;13;844;484;15;190;111;26;100;31;0;6;5;0;0;0;0
4;1;11;16;14;678;482;16;188;112;39;80;30;0;13;4;0;0;0;0
4;1;11;16;15;766;479;20;178;96;20;102;35;1;12;15;0;0;0;0
4;1;11;16;16;611;337;9;140;102;20;39;14;0;5;8;0;0;0;0
4;1;11;16;17;894;508;3;217;148;25;64;26;1;8;16;0;0;0;0
4;1;11;16;18;849;479;11;171;142;26;88;22;0;12;7;0;0;0;0
4;1;11;16;19;785;404;11;180;77;21;88;19;0;6;2;0;0;0;0
4;1;11;16;20;632;329;4;158;57;21;64;12;1;9;3;0;0;0;0
4;1;11;16;21;761;421;13;192;104;26;52;22;1;6;5;0;0;0;0
4;1;11;16;22;750;377;9;169;110;24;37;13;0;3;12;0;0;0;0
4;1;11;16;23;521;246;2;97;63;14;48;9;4;7;2;0;0;0;0
4;1;11;16;24;569;343;6;140;102;22;50;10;2;3;8;0;0;0;0
4;1;11;16;25;583;279;10;124;76;12;32;16;3;2;4;0;0;0;0
4;1;11;16;26;853;452;37;185;128;19;49;17;0;6;11;0;0;0;0
4;1;11;16;27;749;419;23;208;148;10;13;12;0;1;4;0;0;0;0
4;1;11;16;28;672;404;2;152;188;20;14;15;1;5;7;0;0;0;0
4;1;11;16;29;852;389;16;167;109;16;42;14;0;5;20;0;0;0;0
4;1;11;16;30;753;400;4;132;124;29;73;22;1;9;6;0;0;0;0
4;1;11;16;31;713;456;16;200;80;32;82;24;0;13;9;0;0;0;0
4;1;11;16;32;634;326;13;121;81;28;53;17;0;3;10;0;0;0;0
4;1;11;16;33;559;328;20;130;109;23;39;5;0;2;0;0;0;0;0
4;1;11;16;34;650;337;13;123;106;16;50;15;1;8;5;0;0;0;0
4;1;11;16;35;869;509;5;210;144;39;80;23;2;4;2;0;0;0;0
4;1;11;16;36;786;444;20;163;119;46;63;21;0;2;10;0;0;0;0
4;1;11;16;37;899;516;13;205;130;60;68;32;2;5;1;0;0;0;0
4;1;11;16;38;648;356;23;133;126;14;40;12;1;5;2;0;0;0;0
4;1;11;16;39;691;458;18;184;122;35;60;27;2;3;7;0;0;0;0
4;1;11;16;40;741;463;12;182;129;39;57;26;1;6;11;0;0;0;0
4;1;11;16;41;781;472;15;168;147;40;68;24;2;7;1;0;0;0;0
4;1;11;16;42;730;416;11;160;119;35;57;21;0;9;4;0;0;0;0
4;1;11;16;43;692;373;17;168;124;17;29;13;0;3;2;0;0;0;0
4;1;11;16;44;473;266;14;55;165;21;4;5;1;1;0;0;0;0;0
4;1;11;16;45;565;331;8;144;140;10;9;11;1;1;7;0;0;0;0
4;1;11;16;46;555;288;8;127;116;8;10;6;0;3;10;0;0;0;0
4;1;11;16;47;952;637;2;239;211;27;92;39;3;15;9;0;0;0;0
4;1;11;16;48;735;421;6;155;167;28;42;14;1;1;7;0;0;0;0
4;1;11;16;49;895;512;14;268;125;23;57;18;0;6;1;0;0;0;0
4;1;11;16;50;698;394;17;158;147;28;25;6;1;4;8;0;0;0;0
4;1;11;16;51;841;558;14;180;197;49;75;31;2;5;5;0;0;0;0
4;1;11;16;52;722;410;27;156;110;24;58;21;3;8;3;0;0;0;0
4;1;11;16;53;928;541;13;201;179;29;59;31;4;6;19;0;0;0;0
4;1;11;16;54;602;318;2;134;78;17;64;12;1;4;6;0;0;0;0
4;1;11;16;55;585;366;1;151;115;36;44;18;0;0;1;0;0;0;0
4;1;11;16;56;838;501;15;208;116;36;86;28;0;9;3;0;0;0;0
4;1;11;16;57;734;460;28;179;140;29;54;17;0;10;3;0;0;0;0
4;1;11;16;58;689;402;16;158;136;33;35;13;0;6;5;0;0;0;0
4;1;11;16;59;711;459;9;199;140;41;34;26;3;6;1;0;0;0;0
4;1;11;16;60;865;532;8;243;133;46;65;24;2;6;5;0;0;0;0
4;1;11;16;61;815;493;5;204;168;28;56;20;1;5;6;0;0;0;0
4;1;11;16;62;737;510;33;193;164;48;40;24;1;3;4;0;0;0;0
4;1;11;16;63;728;409;25;173;121;22;32;24;0;8;4;0;0;0;0
4;1;11;16;64;288;187;5;90;68;12;6;3;0;2;1;0;0;0;0
4;1;11;16;65;923;598;12;278;169;48;40;26;2;9;14;0;0;0;0
4;1;11;16;66;480;276;4;112;61;16;51;26;0;3;3;0;0;0;0
4;1;11;16;67;708;419;6;175;103;38;57;30;0;7;3;0;0;0;0
4;1;11;16;68;652;354;7;147;149;8;26;7;2;6;2;0;0;0;0
4;1;11;16;69;797;466;14;201;174;21;21;16;2;7;10;0;0;0;0
4;1;11;16;70;712;454;33;155;137;46;47;28;0;6;2;0;0;0;0
4;1;11;16;71;416;266;14;111;84;17;26;10;0;3;1;0;0;0;0
4;1;11;16;72;676;457;4;178;117;60;55;39;1;2;1;0;0;0;0
4;1;11;16;73;488;300;9;138;94;22;18;7;1;2;9;0;0;0;0
4;1;11;16;74;586;371;9;165;117;23;15;16;0;4;22;0;0;0;0
4;1;11;16;75;710;489;9;173;89;96;67;49;1;4;1;0;0;0;0
4;1;11;16;76;915;588;21;218;107;71;88;75;0;6;2;0;0;0;0
4;1;11;16;77;944;615;12;171;169;115;94;47;2;4;1;0;0;0;0
4;1;11;16;78;919;639;5;192;151;131;77;77;1;4;1;0;0;0;0
4;1;11;16;79;496;375;18;116;171;34;18;15;0;2;1;0;0;0;0
4;1;11;16;80;836;546;24;205;203;35;40;36;0;1;2;0;0;0;0
4;1;11;16;81;832;464;4;182;135;40;73;28;0;2;0;0;0;0;0
4;1;11;16;82;544;350;8;138;143;19;19;12;2;3;6;0;0;0;0
4;1;11;16;83;0;0;0;0;0;0;0;0;0;0;0;0;0;0;0
4;1;11;16;84;0;0;0;0;0;0;0;0;0;0;0;0;0;0;0
4;1;11;16;85;0;0;0;0;0;0;0;0;0;0;0;0;0;0;0
4;1;11;16;86;0;8095;82;3243;1834;824;1443;471;18;87;93;0;0;0;0
4;1;12;17;0;0;125;3;43;21;18;30;8;0;2;0;0;0;0;0
4;1;12;17;1;812;436;14;183;95;22;82;22;0;8;10;0;0;0;0
4;1;12;17;2;746;428;9;173;94;28;85;30;0;4;5;0;0;0;0
4;1;12;17;3;882;476;2;179;92;30;118;37;2;11;5;0;0;0;0
4;1;12;17;4;671;361;2;150;64;37;74;26;0;4;4;0;0;0;0
4;1;12;17;5;779;401;5;152;78;37;89;31;1;5;3;0;0;0;0
4;1;12;17;6;827;470;11;178;96;40;111;27;0;5;2;0;0;0;0
4;1;12;17;7;920;533;7;199;140;47;93;34;0;10;3;0;0;0;0
4;1;12;17;8;950;581;30;230;135;59;76;34;1;11;5;0;0;0;0
4;1;12;17;9;888;536;11;186;135;60;98;35;0;5;6;0;0;0;0
4;1;12;17;10;903;501;3;200;117;25;102;37;0;8;9;0;0;0;0
4;1;12;17;11;925;516;12;200;138;44;83;23;0;13;3;0;0;0;0
4;1;12;17;12;922;498;21;186;151;24;70;27;0;11;8;0;0;0;0
4;1;12;17;13;946;556;11;227;114;57;92;28;0;19;8;0;0;0;0
4;1;12;17;14;783;481;5;183;114;53;83;31;2;7;3;0;0;0;0
4;1;12;17;15;814;399;9;151;137;29;51;12;0;7;3;0;0;0;0
4;1;12;17;16;737;386;22;155;101;25;56;20;0;4;3;0;0;0;0
4;1;12;17;17;830;466;30;172;102;38;93;22;0;6;3;0;0;0;0
4;1;12;17;18;908;531;5;224;111;49;95;32;0;7;8;0;0;0;0
4;1;12;17;19;625;369;14;111;118;21;64;30;1;4;6;0;0;0;0
4;1;12;17;20;966;527;3;236;139;38;76;24;1;7;3;0;0;0;0
4;1;12;17;21;999;627;7;222;246;34;65;29;1;8;15;0;0;0;0
4;1;12;17;22;967;574;12;226;187;42;57;34;1;9;6;0;0;0;0
4;1;12;17;23;929;543;14;183;181;44;76;34;0;6;5;0;0;0;0
4;1;12;17;24;1042;699;17;248;230;91;60;46;2;4;1;0;0;0;0
4;1;12;17;25;864;414;15;162;121;43;50;17;0;2;4;0;0;0;0
4;1;12;17;26;1136;657;22;248;203;50;77;44;2;8;3;0;0;0;0
4;1;12;17;27;1003;609;11;229;163;59;90;46;3;6;2;0;0;0;0
4;1;12;17;28;1087;712;11;292;187;100;67;49;1;3;2;0;0;0;0
4;1;12;17;29;1056;609;18;216;157;67;92;50;1;2;6;0;0;0;0
4;1;12;17;30;908;524;12;191;155;60;61;36;2;4;3;0;0;0;0
4;1;12;17;31;952;622;18;211;127;96;80;83;1;3;3;0;0;0;0
4;1;12;17;32;869;535;3;178;142;74;64;69;1;3;1;0;0;0;0
4;1;12;17;33;877;633;41;202;176;93;56;61;2;1;1;0;0;0;0
4;1;12;17;34;950;603;20;160;158;112;66;78;1;7;1;0;0;0;0
4;1;12;17;35;875;543;7;188;156;92;51;44;1;4;0;0;0;0;0
4;1;12;17;36;857;523;18;165;147;91;44;55;2;1;0;0;0;0;0
4;1;12;17;37;860;569;11;154;158;105;65;72;2;1;1;0;0;0;0
4;1;12;17;38;0;0;0;0;0;0;0;0;0;0;0;0;0;0;0
4;1;12;17;39;0;0;0;0;0;0;0;0;0;0;0;0;0;0;0
4;1;12;17;40;0;5122;53;1923;1081;622;947;391;7;79;19;0;0;0;0
4;1;13;18;0;0;136;4;55;25;19;24;8;0;0;1;0;0;0;0
4;1;13;18;1;756;445;11;155;92;49;95;32;1;5;5;0;0;0;0
4;1;13;18;2;895;505;7;182;100;40;119;51;0;3;3;0;0;0;0
4;1;13;18;3;884;505;6;206;78;48;111;48;0;7;1;0;0;0;0
4;1;13;18;4;741;456;12;170;87;41;107;35;0;4;0;0;0;0;0
4;1;13;18;5;682;399;13;154;73;40;84;24;0;6;5;0;0;0;0
4;1;13;18;6;676;397;5;140;88;31;80;47;1;5;0;0;0;0;0
4;1;13;18;7;812;455;4;157;95;49;106;34;1;9;0;0;0;0;0
4;1;13;18;8;495;291;7;98;45;32;79;25;0;5;0;0;0;0;0
4;1;13;18;9;703;425;2;138;81;56;99;41;5;3;0;0;0;0;0
4;1;13;18;10;985;618;1;226;117;68;129;66;1;7;3;0;0;0;0
4;1;13;18;11;687;406;12;123;92;57;72;39;0;7;4;0;0;0;0
4;1;13;18;12;757;458;5;163;77;63;104;36;1;7;2;0;0;0;0
4;1;13;18;13;989;622;14;239;101;88;124;46;3;6;1;0;0;0;0
4;1;13;18;14;1020;595;23;246;191;41;57;22;4;3;8;0;0;0;0
4;1;13;18;15;544;332;0;104;45;27;99;40;2;11;4;0;0;0;0
4;1;13;18;16;882;525;7;158;94;95;117;51;2;1;0;0;0;0;0
4;1;13;18;17;765;463;11;174;78;62;86;39;0;12;1;0;0;0;0
4;1;13;18;18;587;340;9;119;70;26;74;31;1;8;2;0;0;0;0
4;1;13;18;19;974;616;10;186;108;96;119;82;3;10;2;0;0;0;0
4;1;13;18;20;964;615;3;164;98;143;115;84;1;7;0;0;0;0;0
4;1;13;18;21;992;566;20;176;85;103;119;54;0;8;1;0;0;0;0
4;1;13;18;22;912;535;8;154;107;96;86;78;1;4;1;0;0;0;0
4;1;13;18;23;816;470;10;128;82;90;100;49;1;9;1;0;0;0;0
4;1;13;18;24;682;371;8;153;84;35;53;31;2;1;4;0;0;0;0
4;1;13;18;25;809;495;9;171;104;73;79;54;0;5;0;0;0;0;0
4;1;13;18;26;832;507;13;138;126;84;77;61;2;5;1;0;0;0;0
4;1;13;18;27;779;462;11;174;141;49;52;26;5;2;2;0;0;0;0
4;1;13;18;28;871;539;4;162;112;103;98;52;0;8;0;0;0;0;0
4;1;13;18;29;935;598;21;170;107;101;122;71;0;5;1;0;0;0;0
4;1;13;18;30;955;596;17;243;180;85;39;29;0;3;0;0;0;0;0
4;1;13;18;31;848;561;7;187;131;105;62;63;0;4;2;0;0;0;0
4;1;13;18;32;692;415;9;162;62;79;75;23;1;2;2;0;0;0;0
4;1;13;18;33;911;567;9;161;143;116;77;54;0;2;5;0;0;0;0
4;1;13;18;34;647;410;5;141;56;84;70;47;0;6;1;0;0;0;0
4;1;13;18;35;794;497;17;156;73;116;68;63;0;4;0;0;0;0;0
4;1;13;18;36;867;579;4;170;125;113;73;92;1;1;0;0;0;0;0
4;1;13;18;37;738;473;10;139;84;120;61;56;1;2;0;0;0;0;0
4;1;13;18;38;856;541;6;169;95;127;61;79;1;3;0;0;0;0;0
4;1;13;18;39;909;590;10;160;130;148;53;86;0;3;0;0;0;0;0
4;1;13;18;40;0;53;2;7;8;34;1;1;0;0;0;0;0;0;0
4;1;13;18;41;0;5577;59;1869;926;1080;1055;524;15;43;6;0;0;0;0
4;1;14;19;0;0;166;2;68;43;14;17;21;0;1;0;0;0;0;0
4;1;14;19;1;582;292;10;137;81;24;22;12;1;3;2;0;0;0;0
4;1;14;19;2;660;389;14;120;112;51;54;29;1;8;0;0;0;0;0
4;1;14;19;3;783;462;3;189;141;45;36;37;0;9;2;0;0;0;0
4;1;14;19;4;787;450;12;198;125;36;41;26;5;6;1;0;0;0;0
4;1;14;19;5;801;482;19;182;138;47;49;32;0;6;9;0;0;0;0
4;1;14;19;6;757;438;28;157;93;48;56;46;1;6;3;0;0;0;0
4;1;14;19;7;648;398;10;110;66;106;33;65;0;5;3;0;0;0;0
4;1;14;19;8;559;336;13;113;52;64;49;39;1;5;0;0;0;0;0
4;1;14;19;9;845;525;14;171;106;87;67;76;2;2;0;0;0;0;0
4;1;14;19;10;854;500;10;166;101;93;75;49;1;4;1;0;0;0;0
4;1;14;19;11;198;121;7;34;21;52;3;4;0;0;0;0;0;0;0
4;1;14;19;12;884;495;26;155;104;86;70;50;0;4;0;0;0;0;0
4;1;14;19;13;681;466;13;161;121;68;52;46;0;4;1;0;0;0;0
4;1;14;19;14;591;377;4;96;67;80;71;59;0;0;0;0;0;0;0
4;1;14;19;15;641;400;8;136;83;77;51;44;0;1;0;0;0;0;0
4;1;14;19;16;665;408;10;103;87;106;55;41;0;6;0;0;0;0;0
4;1;14;19;17;574;392;12;113;96;80;50;32;3;5;1;0;0;0;0
4;1;14;19;18;608;366;19;121;76;72;37;37;0;2;2;0;0;0;0
4;1;14;19;19;517;356;6;142;82;73;25;27;1;0;0;0;0;0;0
4;1;14;19;20;690;435;12;143;91;87;45;50;0;7;0;0;0;0;0
4;1;14;19;21;808;495;23;189;95;89;45;50;0;3;1;0;0;0;0
4;1;14;19;22;741;439;15;140;114;77;45;36;0;8;4;0;0;0;0
4;1;14;19;23;516;307;12;102;60;58;37;37;0;0;1;0;0;0;0
4;1;14;19;24;827;500;5;185;129;76;51;49;0;4;1;0;0;0;0
4;1;14;19;25;425;229;9;99;80;16;13;5;4;2;1;0;0;0;0
4;1;14;19;26;562;320;11;140;113;20;9;8;3;6;10;0;0;0;0
4;1;14;19;27;879;549;34;233;182;28;32;14;3;6;17;0;0;0;0
4;1;14;19;28;631;399;7;184;119;53;16;16;1;2;1;0;0;0;0
4;1;14;19;29;563;323;6;139;100;20;26;20;0;1;11;0;0;0;0
4;1;14;19;30;638;361;13;178;114;20;14;11;3;5;3;0;0;0;0
4;1;14;19;31;174;103;4;33;27;15;8;15;0;1;0;0;0;0;0
4;1;14;19;32;637;413;4;177;139;43;34;10;1;2;3;0;0;0;0
4;1;14;19;33;713;386;19;141;102;52;30;34;3;4;1;0;0;0;0
4;1;14;19;34;668;410;3;125;111;73;49;47;0;1;1;0;0;0;0
4;1;14;19;35;743;459;8;158;121;74;54;38;0;6;0;0;0;0;0
4;1;14;19;36;698;473;14;108;98;119;60;72;0;2;0;0;0;0;0
4;1;14;19;37;760;447;19;149;116;77;41;41;1;2;1;0;0;0;0
4;1;14;19;38;276;180;7;71;42;20;15;22;0;2;1;0;0;0;0
4;1;14;19;39;737;376;7;132;87;59;51;37;0;3;0;0;0;0;0
4;1;14;19;40;589;371;15;81;77;113;22;62;0;1;0;0;0;0;0
4;1;14;19;41;560;327;15;114;134;36;15;9;0;4;0;0;0;0;0
4;1;14;19;42;553;324;5;101;97;62;17;37;0;2;3;0;0;0;0
4;1;14;19;43;701;481;7;151;107;99;46;68;0;2;1;0;0;0;0
4;1;14;19;44;584;374;3;91;79;90;46;62;1;2;0;0;0;0;0
4;1;14;19;45;587;388;4;86;98;95;32;70;0;3;0;0;0;0;0
4;1;14;19;46;742;503;24;147;102;111;58;57;1;3;0;0;0;0;0
4;1;14;19;47;739;483;12;154;100;115;37;58;1;5;1;0;0;0;0
4;1;14;19;48;635;405;10;176;115;45;27;24;0;4;4;0;0;0;0
4;1;14;19;49;770;503;22;153;122;92;49;58;1;5;1;0;0;0;0
4;1;14;19;50;817;527;3;176;119;81;84;53;3;5;3;0;0;0;0
4;1;14;19;51;752;452;10;180;124;67;40;25;0;1;5;0;0;0;0
4;1;14;19;52;604;373;18;141;107;42;32;25;2;3;3;0;0;0;0
4;1;14;19;53;638;433;7;154;88;82;58;39;0;3;2;0;0;0;0
4;1;14;19;54;986;551;25;199;173;60;47;40;0;6;1;0;0;0;0
4;1;14;19;55;644;389;3;140;116;55;43;24;0;7;1;0;0;0;0
4;1;14;19;56;731;496;6;176;129;86;63;32;0;4;0;0;0;0;0
4;1;14;19;57;401;313;22;134;70;75;5;7;0;0;0;0;0;0;0
4;1;14;19;58;418;307;0;123;61;63;35;25;0;0;0;0;0;0;0
4;1;14;19;59;839;573;7;241;201;44;39;24;0;10;7;0;0;0;0
4;1;14;19;60;882;564;30;158;136;142;47;44;1;5;1;0;0;0;0
4;1;14;19;61;585;391;2;110;80;91;51;56;0;1;0;0;0;0;0
4;1;14;19;62;756;493;5;137;123;114;42;67;2;1;2;0;0;0;0
4;1;14;19;63;681;432;27;125;119;87;32;38;2;1;1;0;0;0;0
4;1;14;19;64;811;578;13;208;171;84;39;58;1;4;0;0;0;0;0
4;1;14;19;65;798;500;10;207;162;47;28;30;3;4;9;0;0;0;0
4;1;14;19;66;838;477;25;197;137;59;30;23;1;3;2;0;0;0;0
4;1;14;19;67;726;448;9;179;148;57;20;32;1;2;0;0;0;0;0
4;1;14;19;68;551;348;14;99;76;79;34;42;1;3;0;0;0;0;0
4;1;14;19;69;702;463;6;153;103;95;44;58;0;4;0;0;0;0;0
4;1;14;19;70;811;531;10;186;102;110;54;64;1;1;3;0;0;0;0
4;1;14;19;71;811;559;16;154;158;120;56;52;0;3;0;0;0;0;0
4;1;14;19;72;567;339;1;113;57;90;21;54;1;2;0;0;0;0;0
4;1;14;19;73;0;0;0;0;0;0;0;0;0;0;0;0;0;0;0
4;1;14;19;74;0;0;0;0;0;0;0;0;0;0;0;0;0;0;0
4;1;14;19;75;0;7177;70;2527;1528;1473;808;676;18;49;28;0;0;0;0
4;1;15;20;0;0;179;1;80;46;19;23;8;0;2;0;0;0;0;0
4;1;15;20;1;828;487;24;178;105;20;117;30;2;6;3;2;0;0;0
4;1;15;20;2;1004;590;27;214;119;39;134;42;2;8;4;1;0;0;0
4;1;15;20;3;992;568;18;219;106;33;138;39;1;10;3;1;0;0;0
4;1;15;20;4;848;452;24;169;100;8;97;19;1;7;25;2;0;0;0
4;1;15;20;5;924;542;19;214;169;46;43;20;2;6;21;2;0;0;0
4;1;15;20;6;865;513;12;195;150;56;70;20;1;1;7;1;0;0;0
4;1;15;20;7;898;543;30;244;128;22;88;26;0;3;2;0;0;0;0
4;1;15;20;8;767;443;20;162;110;20;81;24;0;10;14;2;0;0;0
4;1;15;20;9;822;498;16;196;113;37;88;36;0;8;4;0;0;0;0
4;1;15;20;10;893;480;31;177;131;30;86;17;0;4;3;1;0;0;0
4;1;15;20;11;977;485;14;176;155;37;69;18;1;3;12;0;0;0;0
4;1;15;20;12;821;483;4;203;161;21;52;24;1;3;14;0;0;0;0
4;1;15;20;13;1058;626;18;254;212;36;55;29;0;3;19;0;0;0;0
4;1;15;20;14;895;461;14;201;154;27;27;13;1;2;21;1;0;0;0
4;1;15;20;15;1071;584;18;224;201;18;41;22;1;7;51;1;0;0;0
4;1;15;20;16;879;496;14;193;147;38;62;22;1;10;8;1;0;0;0
4;1;15;20;17;751;428;12;165;159;23;42;14;1;2;8;2;0;0;0
4;1;15;20;18;911;506;16;203;165;23;59;20;1;4;14;1;0;0;0
4;1;15;20;19;996;569;12;233;177;51;45;31;0;6;12;2;0;0;0
4;1;15;20;20;532;273;10;93;85;17;41;10;0;4;11;2;0;0;0
4;1;15;20;21;764;446;20;192;159;11;22;11;1;2;28;0;0;0;0
4;1;15;20;22;896;498;10;219;188;23;17;20;0;3;16;2;0;0;0
4;1;15;20;23;802;469;14;212;165;24;10;5;1;3;35;0;0;0;0
4;1;15;20;24;1066;639;32;274;217;30;36;28;1;3;17;1;0;0;0
4;1;15;20;25;771;471;6;210;126;40;49;26;0;6;6;2;0;0;0
4;1;15;20;26;889;575;51;259;205;23;14;10;0;4;9;0;0;0;0
4;1;15;20;27;919;604;13;242;201;51;68;18;2;2;7;0;0;0;0
4;1;15;20;28;694;405;19;168;135;9;40;7;0;6;20;1;0;0;0
4;1;15;20;29;886;492;16;204;198;14;17;14;1;3;24;1;0;0;0
4;1;15;20;30;692;427;15;187;159;6;23;10;1;7;18;1;0;0;0
4;1;15;20;31;964;631;20;270;183;25;82;38;0;8;5;0;0;0;0
4;1;15;20;32;729;400;11;192;151;17;7;11;0;3;8;0;0;0;0
4;1;15;20;33;858;438;20;197;131;16;33;19;1;3;16;2;0;0;0
4;1;15;20;34;833;518;34;183;184;33;38;14;0;3;26;3;0;0;0
4;1;15;20;35;567;349;20;135;123;15;20;11;0;8;17;0;0;0;0
4;1;15;20;36;974;531;36;217;133;22;82;29;1;3;6;2;0;0;0
4;1;15;20;37;837;396;15;205;111;18;29;9;0;3;6;0;0;0;0
4;1;15;20;38;417;253;10;121;47;16;33;12;0;2;12;0;0;0;0
4;1;15;20;39;855;519;10;215;229;18;10;9;1;4;19;4;0;0;0
4;1;15;20;40;931;546;16;225;217;13;16;12;1;4;40;2;0;0;0
4;1;15;20;41;738;416;12;182;147;19;24;14;1;6;9;2;0;0;0
4;1;15;20;42;533;307;3;145;60;22;52;15;0;4;6;0;0;0;0
4;1;15;20;43;1009;504;38;208;189;12;17;14;2;3;20;1;0;0;0
4;1;15;20;44;1025;596;31;234;190;31;56;33;2;9;10;0;0;0;0
4;1;15;20;45;966;535;24;206;196;29;36;27;0;3;14;0;0;0;0
4;1;15;20;46;712;400;20;155;84;26;69;25;2;9;10;0;0;0;0
4;1;15;20;47;622;387;25;177;110;20;26;18;2;1;8;0;0;0;0
4;1;15;20;48;965;531;16;238;155;21;49;28;2;7;12;3;0;0;0
4;1;15;20;49;812;418;15;178;140;18;40;15;0;3;8;1;0;0;0
4;1;15;20;50;455;274;9;123;83;14;27;11;0;2;5;0;0;0;0
4;1;15;20;51;703;334;23;143;132;6;12;9;0;6;3;0;0;0;0
4;1;15;20;52;910;483;21;207;174;23;34;13;0;4;7;0;0;0;0
4;1;15;20;53;726;406;12;165;116;27;50;21;4;3;8;0;0;0;0
4;1;15;20;54;639;377;12;163;103;25;47;23;0;4;0;0;0;0;0
4;1;15;20;55;739;409;7;176;123;24;43;19;1;6;10;0;0;0;0
4;1;15;20;56;737;416;13;176;107;24;60;20;1;5;9;1;0;0;0
4;1;15;20;57;864;486;12;195;135;15;80;24;0;8;17;0;0;0;0
4;1;15;20;58;804;482;5;202;177;39;27;20;0;5;7;0;0;0;0
4;1;15;20;59;0;6010;69;2596;1595;426;839;347;10;67;50;11;0;0;0
4;1;16;21;0;0;325;12;148;105;19;25;8;3;3;2;0;0;0;0
4;1;16;21;1;648;373;8;123;139;44;33;14;2;2;3;0;5;0;0
4;1;16;21;2;732;415;13;152;169;26;18;16;0;4;9;0;8;0;0
4;1;16;21;3;1028;460;15;143;202;35;27;18;1;8;2;0;9;0;0
4;1;16;21;4;924;605;12;244;230;34;35;26;3;5;1;0;15;0;0
4;1;16;21;5;652;405;26;198;134;17;12;7;1;1;0;0;9;0;0
4;1;16;21;6;876;515;20;160;194;52;45;27;1;4;0;0;12;0;0
4;1;16;21;7;724;436;3;182;168;28;29;17;1;2;0;0;6;0;0
4;1;16;21;8;953;503;5;218;219;21;14;12;2;2;6;0;4;0;0
4;1;16;21;9;839;468;10;180;156;38;46;22;1;7;6;0;2;0;0
4;1;16;21;10;849;497;19;154;181;51;51;26;0;2;3;0;10;0;0
4;1;16;21;11;1101;717;23;279;277;39;41;30;2;3;6;0;17;0;0
4;1;16;21;12;821;489;18;184;214;22;23;13;0;5;1;0;9;0;0
4;1;16;21;13;888;514;10;192;248;19;16;11;0;2;5;0;11;0;0
4;1;16;21;14;953;621;9;213;248;55;50;28;0;8;1;0;9;0;0
4;1;16;21;15;910;571;26;206;216;45;28;28;0;5;7;0;10;0;0
4;1;16;21;16;1149;833;29;282;322;66;81;43;1;4;1;0;4;0;0
4;1;16;21;17;941;596;25;188;230;40;62;35;2;5;6;0;3;0;0
4;1;16;21;18;854;574;11;200;211;27;65;49;0;7;0;0;4;0;0
4;1;16;21;19;1038;681;32;274;238;57;41;20;0;7;3;0;9;0;0
4;1;16;21;20;979;637;30;236;198;52;72;29;0;6;5;0;9;0;0
4;1;16;21;21;959;632;25;225;211;45;78;28;0;7;1;0;12;0;0
4;1;16;21;22;780;492;28;160;194;45;26;24;1;5;2;0;7;0;0
4;1;16;21;23;817;489;29;198;137;39;46;18;1;5;7;0;9;0;0
4;1;16;21;24;783;479;8;183;190;16;41;19;0;7;2;0;13;0;0
4;1;16;21;25;819;540;10;203;132;16;126;39;0;9;0;0;5;0;0
4;1;16;21;26;830;547;10;222;197;24;56;24;0;3;7;0;4;0;0
4;1;16;21;27;597;371;13;145;149;20;18;13;1;1;0;0;11;0;0
4;1;16;21;28;755;434;9;151;189;27;23;10;2;5;8;0;10;0;0
4;1;16;21;29;549;317;9;123;149;9;7;9;0;4;0;0;7;0;0
4;1;16;21;30;628;310;17;110;151;1;10;4;0;5;7;0;5;0;0
4;1;16;21;31;946;607;17;268;238;33;25;15;2;0;2;0;7;0;0
4;1;16;21;32;841;476;15;183;192;15;34;18;1;4;8;0;6;0;0
4;1;16;21;33;759;470;19;188;193;13;19;12;4;2;5;0;15;0;0
4;1;16;21;34;616;309;6;123;134;7;9;9;1;2;13;0;5;0;0
4;1;16;21;35;724;411;13;165;199;6;12;5;1;5;2;0;3;0;0
4;1;16;21;36;984;616;40;236;218;36;39;22;0;8;6;0;11;0;0
4;1;16;21;37;912;481;11;207;180;22;29;13;2;3;5;0;9;0;0
4;1;16;21;38;688;456;18;169;176;25;20;32;0;3;3;0;10;0;0
4;1;16;21;39;840;453;28;151;204;20;20;7;1;0;7;0;15;0;0
4;1;16;21;40;979;586;23;237;246;18;16;16;2;8;4;0;16;0;0
4;1;16;21;41;839;523;14;175;221;30;44;25;1;4;0;0;9;0;0
4;1;16;21;42;909;512;5;171;204;30;40;30;0;9;6;0;17;0;0
4;1;16;21;43;760;532;20;204;161;49;52;34;0;3;1;0;8;0;0
4;1;16;21;44;617;353;8;132;135;17;27;22;1;2;0;0;9;0;0
4;1;16;21;45;766;479;20;205;188;20;16;13;1;5;2;0;9;0;0
4;1;16;21;46;730;508;22;184;198;23;27;21;2;6;1;0;24;0;0
4;1;16;21;47;933;608;16;231;258;33;24;18;1;10;5;0;12;0;0
4;1;16;21;48;959;684;36;227;235;46;65;57;4;2;2;0;10;0;0
4;1;16;21;49;622;402;21;164;168;18;8;10;0;3;2;0;8;0;0
4;1;16;21;50;757;492;32;209;187;18;17;9;1;4;1;0;14;0;0
4;1;16;21;51;883;600;13;233;216;59;32;29;2;2;0;0;14;0;0
4;1;16;21;52;760;557;15;230;189;40;32;30;0;1;2;0;18;0;0
4;1;16;21;53;763;508;29;165;176;54;36;33;0;2;0;0;13;0;0
4;1;16;21;54;718;506;40;194;152;44;32;28;0;4;0;0;12;0;0
4;1;16;21;55;674;433;24;173;178;22;10;11;0;5;1;0;9;0;0
4;1;16;21;56;958;551;21;225;244;34;8;6;0;2;1;0;10;0;0
4;1;16;21;57;741;451;18;156;231;14;10;4;1;6;1;0;10;0;0
4;1;16;21;58;837;580;24;208;184;71;53;29;1;3;0;0;7;0;0
4;1;16;21;59;760;577;20;194;193;89;41;25;0;5;5;0;5;0;0
4;1;16;21;60;802;550;35;163;267;35;24;5;0;2;1;0;18;0;0
4;1;16;21;61;963;681;41;231;222;67;52;54;1;2;1;0;10;0;0
4;1;16;21;62;808;531;9;176;225;21;51;36;0;5;1;0;7;0;0
4;1;16;21;63;851;552;11;185;267;34;25;21;0;4;2;0;3;0;0
4;1;16;21;64;891;602;30;210;274;25;27;19;4;3;1;0;9;0;0
4;1;16;21;65;914;580;20;197;197;79;40;32;1;2;0;0;12;0;0
4;1;16;21;66;810;551;34;173;242;29;36;23;0;3;0;0;11;0;0
4;1;16;21;67;793;556;24;241;184;38;34;26;1;1;0;0;7;0;0
4;1;16;21;68;970;674;22;258;287;30;36;27;0;5;1;0;8;0;0
4;1;16;21;69;714;472;14;167;223;24;15;18;0;2;2;0;7;0;0
4;1;16;21;70;778;545;46;225;181;34;25;16;1;4;3;0;10;0;0
4;1;16;21;71;720;426;16;207;140;33;10;10;0;3;2;0;5;0;0
4;1;16;21;72;928;544;15;189;249;19;26;22;1;7;5;0;11;0;0
4;1;16;21;73;835;483;19;186;218;7;14;6;1;0;24;0;8;0;0
4;1;16;21;74;722;403;15;177;176;5;3;1;2;3;14;0;7;0;0
4;1;16;21;75;719;405;16;182;154;12;5;2;2;1;24;0;7;0;0
4;1;16;21;76;843;511;23;192;221;23;20;15;0;6;0;0;11;0;0
4;1;16;21;77;1010;619;8;235;311;20;9;13;1;3;14;0;5;0;0
4;1;16;21;78;1113;672;23;266;313;23;16;12;4;1;10;0;4;0;0
4;1;16;21;79;1121;726;46;276;328;20;12;17;0;4;15;0;8;0;0
4;1;16;21;80;983;602;42;240;259;16;14;10;0;1;10;0;10;0;0
4;1;16;21;81;923;543;28;224;230;16;16;11;0;3;9;0;6;0;0
4;1;16;21;82;904;534;9;250;223;17;10;12;0;2;10;0;1;0;0
4;1;16;21;83;1031;636;20;277;257;30;6;5;0;4;19;0;18;0;0
4;1;16;21;84;949;607;15;234;201;30;80;26;1;5;3;0;12;0;0
4;1;16;21;85;837;566;31;234;236;26;10;14;4;2;1;0;8;0;0
4;1;16;21;86;998;620;8;233;281;32;29;15;2;4;12;0;4;0;0
4;1;16;21;87;979;662;37;325;229;29;9;9;0;2;13;0;9;0;0
4;1;16;21;88;695;478;18;184;202;20;28;13;0;3;5;0;5;0;0
4;1;16;21;89;902;601;9;238;276;24;23;21;0;3;1;0;6;0;0
4;1;16;21;90;833;585;16;215;276;26;16;20;1;2;1;0;12;0;0
4;1;16;21;91;1023;705;7;295;248;59;48;28;3;5;5;0;7;0;0
4;1;16;21;92;795;569;20;211;233;49;21;20;2;5;0;0;8;0;0
4;1;16;21;93;832;627;36;232;235;31;52;25;0;7;1;0;8;0;0
4;1;16;21;94;823;624;23;238;204;47;57;38;2;5;1;0;9;0;0
4;1;16;21;95;1079;629;20;194;293;36;35;37;0;3;1;0;10;0;0
4;1;16;21;96;930;612;20;242;228;24;47;34;2;7;5;0;3;0;0
4;1;16;21;97;785;433;23;159;149;28;43;26;0;2;0;0;3;0;0
4;1;16;21;98;926;611;4;221;213;71;60;26;3;5;0;0;8;0;0
4;1;16;21;99;439;310;16;112;122;23;14;15;0;1;4;0;3;0;0
4;1;16;21;100;928;588;22;153;255;83;34;29;1;4;2;0;5;0;0
4;1;16;21;101;752;496;10;146;285;21;13;10;2;2;2;0;5;0;0
4;1;16;21;102;802;540;9;179;292;13;14;8;1;6;1;0;17;0;0
4;1;16;21;103;679;432;29;127;232;15;8;11;1;1;0;0;8;0;0
4;1;16;21;104;1041;626;29;215;314;18;5;12;1;8;6;0;18;0;0
4;1;16;21;105;906;503;10;160;297;5;11;5;1;4;5;0;5;0;0
4;1;16;21;106;997;586;46;215;275;14;9;6;0;3;2;0;16;0;0
4;1;16;21;107;890;543;29;188;260;10;16;17;0;4;4;0;15;0;0
4;1;16;21;108;1244;854;49;299;359;47;42;36;3;10;0;0;9;0;0
4;1;16;21;109;1066;791;29;308;283;51;53;41;1;9;0;0;16;0;0
4;1;16;21;110;961;600;4;228;310;9;21;14;1;3;1;0;9;0;0
4;1;16;21;111;881;639;15;203;312;35;31;19;1;5;1;0;17;0;0
4;1;16;21;112;673;490;15;181;154;60;34;27;1;6;0;0;12;0;0
4;1;16;21;113;756;517;16;198;145;70;45;36;0;3;0;0;4;0;0
4;1;16;21;114;1102;622;28;193;344;11;12;13;1;4;2;0;14;0;0
4;1;16;21;115;886;595;23;216;216;50;42;26;1;11;1;0;9;0;0
4;1;16;21;116;936;671;31;207;258;52;62;42;2;6;3;0;8;0;0
4;1;16;21;117;770;550;13;199;163;80;46;38;1;3;0;0;7;0;0
4;1;16;21;118;871;637;31;199;229;78;43;32;0;7;1;0;17;0;0
4;1;16;21;119;775;593;22;189;187;99;44;42;1;1;0;0;8;0;0
4;1;16;21;120;885;631;10;178;318;30;39;37;0;8;0;0;11;0;0
4;1;16;21;121;931;644;11;204;320;31;23;31;1;4;1;0;18;0;0
4;1;16;21;122;740;524;10;162;248;34;32;25;0;2;1;0;10;0;0
4;1;16;21;123;757;526;12;152;200;33;72;34;1;5;9;0;8;0;0
4;1;16;21;124;580;318;8;127;95;20;38;28;0;2;0;0;0;0;0
4;1;16;21;125;0;0;0;0;0;0;0;0;0;0;0;0;0;0;0
4;1;16;21;126;0;11591;185;5014;3762;892;911;475;20;105;28;0;199;0;0
4;1;17;22;0;0;369;10;154;116;23;35;24;1;6;0;0;0;0;0
4;1;17;22;1;840;539;12;233;131;41;70;39;4;4;5;0;0;0;0
4;1;17;22;2;882;520;10;229;128;39;71;36;1;3;3;0;0;0;0
4;1;17;22;3;943;484;5;215;114;33;77;36;2;1;1;0;0;0;0
4;1;17;22;4;428;253;14;82;92;27;18;16;1;3;0;0;0;0;0
4;1;17;22;5;618;362;14;151;157;13;18;3;0;3;3;0;0;0;0
4;1;17;22;6;632;431;18;179;91;25;79;38;0;1;0;0;0;0;0
4;1;17;22;7;793;422;28;169;173;8;16;11;3;8;6;0;0;0;0
4;1;17;22;8;753;457;17;185;183;22;25;12;1;3;8;0;0;1;0
4;1;17;22;9;803;494;4;193;188;33;40;27;0;9;0;0;0;0;0
4;1;17;22;10;826;502;31;181;141;57;55;27;1;6;2;0;0;1;0
4;1;17;22;11;737;461;39;210;155;22;12;14;2;4;3;0;0;0;0
4;1;17;22;12;950;582;19;223;192;56;46;38;2;3;1;0;0;2;0
4;1;17;22;13;1038;727;11;296;259;62;62;28;3;2;2;0;0;2;0
4;1;17;22;14;800;491;1;205;154;46;34;46;0;1;4;0;0;0;0
4;1;17;22;15;489;369;28;150;98;26;35;28;1;3;0;0;0;0;0
4;1;17;22;16;1026;781;23;327;233;66;72;53;0;3;3;0;0;1;0
4;1;17;22;17;783;502;12;216;206;21;25;14;0;5;2;0;0;1;0
4;1;17;22;18;694;369;5;168;152;12;19;7;1;1;4;0;0;0;0
4;1;17;22;19;825;557;14;228;221;42;29;19;1;1;2;0;0;0;0
4;1;17;22;20;554;331;3;123;162;18;13;6;4;2;0;0;0;0;0
4;1;17;22;21;986;622;27;328;195;12;13;14;0;3;28;0;0;2;0
4;1;17;22;22;952;508;6;203;249;17;7;16;0;2;8;0;0;0;0
4;1;17;22;23;442;402;14;200;139;17;13;10;1;2;6;0;0;0;0
4;1;17;22;24;849;529;26;233;207;25;14;13;0;4;6;0;0;1;0
4;1;17;22;25;975;602;9;255;228;46;24;25;0;0;13;0;0;2;0
4;1;17;22;26;689;427;8;193;139;35;27;11;2;5;5;0;0;2;0
4;1;17;22;27;450;300;9;138;114;10;11;7;2;3;6;0;0;0;0
4;1;17;22;28;870;555;6;238;253;12;20;12;2;5;6;0;0;1;0
4;1;17;22;29;553;306;4;110;163;8;5;9;0;1;5;0;0;1;0
4;1;17;22;30;806;485;15;177;217;27;24;18;1;4;2;0;0;0;0
4;1;17;22;31;711;505;15;206;193;34;24;22;1;6;1;0;0;3;0
4;1;17;22;32;1020;573;9;228;169;35;74;38;1;14;3;0;0;2;0
4;1;17;22;33;813;532;10;220;159;51;48;39;0;4;1;0;0;0;0
4;1;17;22;34;720;422;11;178;123;33;46;24;0;2;4;0;0;1;0
4;1;17;22;35;993;534;20;198;163;30;88;30;0;3;2;0;0;0;0
4;1;17;22;36;832;516;12;203;177;24;56;31;2;7;2;0;0;2;0
4;1;17;22;37;761;464;7;183;173;30;28;34;1;4;4;0;0;0;0
4;1;17;22;38;438;275;8;130;96;12;16;11;0;0;2;0;0;0;0
4;1;17;22;39;796;547;6;226;236;30;23;19;0;4;1;0;0;2;0
4;1;17;22;40;901;656;9;270;216;42;67;38;2;8;2;0;0;2;0
4;1;17;22;41;1017;628;14;245;297;27;16;18;1;5;4;0;0;1;0
4;1;17;22;42;916;616;8;255;214;49;49;25;1;9;3;0;0;3;0
4;1;17;22;43;888;533;8;199;206;43;37;28;1;3;7;0;0;1;0
4;1;17;22;44;905;595;21;257;226;24;38;24;0;4;0;0;0;1;0
4;1;17;22;45;845;616;20;208;294;26;31;23;3;11;0;0;0;0;0
4;1;17;22;46;964;644;15;225;304;33;30;24;2;5;6;0;0;0;0
4;1;17;22;47;852;610;17;248;249;27;32;28;1;5;1;0;0;2;0
4;1;17;22;48;706;469;6;185;181;25;42;17;2;2;9;0;0;0;0
4;1;17;22;49;721;481;15;155;150;82;43;30;0;6;0;0;0;0;0
4;1;17;22;50;975;631;36;230;257;31;35;32;2;4;4;0;0;0;0
4;1;17;22;51;780;512;10;219;215;22;17;17;0;3;8;0;0;1;0
4;1;17;22;52;872;588;9;188;209;58;71;46;1;4;0;0;0;2;0
4;1;17;22;53;664;446;19;193;182;22;14;9;2;2;3;0;0;0;0
4;1;17;22;54;648;396;15;153;187;11;9;7;0;2;12;0;0;0;0
4;1;17;22;55;855;516;4;201;263;15;12;11;1;0;9;0;0;0;0
4;1;17;22;56;999;633;31;225;281;40;23;24;2;7;0;0;0;0;0
4;1;17;22;57;780;567;36;212;241;32;24;16;2;2;2;0;0;0;0
4;1;17;22;58;670;407;6;156;208;10;5;7;2;2;11;0;0;0;0
4;1;17;22;59;710;432;11;166;212;10;13;15;1;3;1;0;0;0;0
4;1;17;22;60;880;543;13;195;260;27;18;19;1;6;4;0;0;0;0
4;1;17;22;61;796;507;9;157;249;26;23;26;1;5;8;0;0;3;0
4;1;17;22;62;714;467;8;191;192;29;18;24;0;2;2;0;0;1;0
4;1;17;22;63;816;535;10;196;252;35;17;18;0;1;5;0;0;1;0
4;1;17;22;64;865;521;19;205;253;15;12;9;0;0;7;0;0;1;0
4;1;17;22;65;752;472;13;210;198;20;13;11;1;3;3;0;0;0;0
4;1;17;22;66;710;487;7;167;228;27;22;25;1;6;1;0;0;3;0
4;1;17;22;67;836;429;15;204;175;10;9;2;0;2;11;0;0;1;0
4;1;17;22;68;927;500;7;263;199;9;8;0;0;8;6;0;0;0;0
4;1;17;22;69;833;491;8;222;207;10;24;7;1;2;10;0;0;0;0
4;1;17;22;70;868;498;16;175;227;23;21;28;0;6;0;0;0;2;0
4;1;17;22;71;845;564;21;176;227;58;46;30;1;3;0;0;0;2;0
4;1;17;22;72;830;577;18;234;188;26;65;28;3;9;5;0;0;1;0
4;1;17;22;73;682;395;4;171;189;10;5;3;1;1;11;0;0;0;0
4;1;17;22;74;696;470;13;158;193;36;40;20;0;4;6;0;0;0;0
4;1;17;22;75;467;311;6;111;130;19;24;14;1;4;2;0;0;0;0
4;1;17;22;76;764;542;9;198;212;51;32;33;1;5;1;0;0;0;0
4;1;17;22;77;704;488;15;220;196;21;19;11;0;5;1;0;0;0;0
4;1;17;22;78;1072;686;12;335;227;42;34;21;3;9;3;0;0;0;0
4;1;17;22;79;629;450;10;195;128;21;60;29;0;5;1;0;0;1;0
4;1;17;22;80;532;399;18;153;104;50;45;24;0;4;0;0;0;1;0
4;1;17;22;81;1148;789;21;297;261;51;88;58;2;6;3;0;0;2;0
4;1;17;22;82;860;598;25;224;218;47;53;24;0;7;0;0;0;0;0
4;1;17;22;83;703;487;21;206;139;47;53;16;0;2;1;0;0;2;0
4;1;17;22;84;870;647;9;252;215;48;71;42;1;7;0;0;0;2;0
4;1;17;22;85;858;481;5;195;227;15;16;15;1;2;4;0;0;1;0
4;1;17;22;86;866;516;9;235;216;16;18;12;1;8;1;0;0;0;0
4;1;17;22;87;764;537;25;187;166;55;72;24;1;5;1;0;0;1;0
4;1;17;22;88;804;554;8;244;200;27;41;21;2;9;2;0;0;0;0
4;1;17;22;89;820;548;25;192;223;23;38;41;0;4;2;0;0;0;0
4;1;17;22;90;695;474;7;184;188;22;34;29;1;9;0;0;0;0;0
4;1;17;22;91;950;632;22;222;279;21;41;35;1;8;2;0;0;1;0
4;1;17;22;92;1048;699;37;246;290;39;54;25;1;4;1;0;0;2;0
4;1;17;22;93;1086;741;27;255;267;70;57;51;1;10;2;0;0;1;0
4;1;17;22;94;1139;818;13;350;293;47;59;47;2;5;1;0;0;1;0
4;1;17;22;95;1107;657;14;227;234;50;74;47;2;7;0;0;0;2;0
4;1;17;22;96;964;638;13;256;249;38;46;26;0;7;2;0;0;1;0
4;1;17;22;97;897;587;7;238;234;38;40;21;0;5;1;0;0;3;0
4;1;17;22;98;1022;693;19;263;242;55;66;41;0;4;3;0;0;0;0
4;1;17;22;99;918;634;25;310;200;36;33;27;0;2;0;0;0;1;0
4;1;17;22;100;884;608;4;246;214;45;56;32;3;6;1;0;0;1;0
4;1;17;22;101;898;586;34;207;238;41;38;23;0;4;0;0;0;1;0
4;1;17;22;102;819;508;14;177;160;43;81;28;0;4;1;0;0;0;0
4;1;17;22;103;833;593;11;195;235;50;44;44;1;11;0;0;0;2;0
4;1;17;22;104;852;603;7;278;153;64;58;40;0;3;0;0;0;0;0
4;1;17;22;105;555;393;12;134;121;44;53;22;0;7;0;0;0;0;0
4;1;17;22;106;691;501;9;159;231;33;40;24;0;2;2;0;0;1;0
4;1;17;22;107;817;585;18;213;208;60;52;21;0;5;6;0;0;2;0
4;1;17;22;108;729;560;33;195;187;52;56;31;0;6;0;0;0;0;0
4;1;17;22;109;654;478;10;206;139;45;39;34;0;4;0;0;0;1;0
4;1;17;22;110;961;692;25;256;266;53;46;37;0;7;1;0;0;1;0
4;1;17;22;111;871;657;43;243;229;51;45;41;0;2;3;0;0;0;0
4;1;17;22;112;997;640;19;237;277;23;36;32;1;8;6;0;0;1;0
4;1;17;22;113;880;552;15;219;203;51;30;27;2;3;2;0;0;0;0
4;1;17;22;114;736;481;15;159;227;27;20;28;1;3;0;0;0;1;0
4;1;17;22;115;944;591;5;228;240;44;28;39;1;4;0;0;0;2;0
4;1;17;22;116;956;715;14;266;272;44;64;46;1;7;0;0;0;1;0
4;1;17;22;117;797;595;25;212;258;53;17;23;1;4;1;0;0;1;0
4;1;17;22;118;838;587;11;180;301;23;33;32;2;3;1;0;0;1;0
4;1;17;22;119;898;617;12;230;240;61;41;23;0;7;1;0;0;2;0
4;1;17;22;120;881;604;26;210;276;32;31;26;2;1;0;0;0;0;0
4;1;17;22;121;945;633;34;242;224;57;29;40;2;4;1;0;0;0;0
4;1;17;22;122;555;384;14;154;159;24;17;13;0;2;1;0;0;0;0
4;1;17;22;123;768;547;17;220;192;32;38;37;0;9;2;0;0;0;0
4;1;17;22;124;806;571;22;236;203;44;35;21;0;5;4;0;0;1;0
4;1;17;22;125;897;668;29;269;224;42;49;49;0;3;1;0;0;2;0
4;1;17;22;126;708;536;30;221;179;37;34;26;2;3;0;0;0;4;0
4;1;17;22;127;1030;781;19;290;339;54;38;35;1;4;1;0;0;0;0
4;1;17;22;128;619;442;10;137;217;24;28;22;0;0;2;0;0;2;0
4;1;17;22;129;858;619;19;240;238;51;27;36;1;4;3;0;0;0;0
4;1;17;22;130;880;671;20;194;319;70;38;26;0;4;0;0;0;0;0
4;1;17;22;131;887;632;6;260;247;27;44;44;0;3;1;0;0;0;0
4;1;17;22;132;640;442;9;166;177;47;25;16;0;1;1;0;0;0;0
4;1;17;22;133;540;395;17;161;150;23;22;16;0;2;2;0;0;2;0
4;1;17;22;134;891;593;36;217;279;21;8;13;2;6;11;0;0;0;0
4;1;17;22;135;898;569;17;211;266;23;10;14;2;0;25;0;0;1;0
4;1;17;22;136;993;681;54;248;297;29;22;19;1;2;9;0;0;0;0
4;1;17;22;137;843;471;19;177;207;20;8;14;2;6;17;0;0;1;0
4;1;17;22;138;794;524;13;185;228;45;19;27;0;2;3;0;0;2;0
4;1;17;22;139;835;611;14;224;268;34;32;20;0;15;3;0;0;1;0
4;1;17;22;140;742;537;28;207;203;36;31;23;1;4;3;0;0;1;0
4;1;17;22;141;688;374;8;135;205;6;6;9;0;1;4;0;0;0;0
4;1;17;22;142;365;253;5;106;113;9;8;2;0;5;5;0;0;0;0
4;1;17;22;143;879;534;17;224;249;20;3;9;0;5;7;0;0;0;0
4;1;17;22;144;751;480;7;173;178;38;49;31;0;2;0;0;0;2;0
4;1;17;22;145;704;509;11;180;175;62;29;49;0;1;1;0;0;1;0
4;1;17;22;146;848;597;8;268;209;42;36;28;1;3;0;0;0;2;0
4;1;17;22;147;1090;610;14;234;230;32;52;41;1;5;0;0;0;1;0
4;1;17;22;148;765;508;13;233;146;32;45;28;2;2;7;0;0;0;0
4;1;17;22;149;673;414;11;176;112;52;34;24;0;3;1;0;0;1;0
4;1;17;22;150;976;641;14;192;234;27;108;51;0;11;2;0;0;2;0
4;1;17;22;151;702;492;9;167;214;13;51;28;0;4;6;0;0;0;0
4;1;17;22;152;591;415;36;148;127;16;53;27;0;4;3;0;0;1;0
4;1;17;22;153;0;0;0;0;0;0;0;0;0;0;0;0;0;0;0
4;1;17;22;154;0;0;0;0;0;0;0;0;0;0;0;0;0;0;0
4;1;17;22;155;0;0;0;0;0;0;0;0;0;0;0;0;0;0;0
4;1;17;22;156;0;0;0;0;0;0;0;0;0;0;0;0;0;0;0
4;1;17;22;157;0;0;0;0;0;0;0;0;0;0;0;0;0;0;0
4;1;17;22;158;0;13198;156;5759;4177;998;1175;715;32;117;39;0;0;30;0
4;1;18;23;0;0;224;5;98;60;29;17;8;1;4;2;0;0;0;0
4;1;18;23;1;810;481;58;153;187;29;28;21;2;3;0;0;0;0;0
4;1;18;23;2;667;398;16;153;148;37;31;5;3;3;2;0;0;0;0
4;1;18;23;3;901;612;25;237;190;50;56;40;2;11;1;0;0;0;0
4;1;18;23;4;632;466;7;213;162;32;29;22;1;0;0;0;0;0;0
4;1;18;23;5;522;402;11;166;134;38;33;19;1;0;0;0;0;0;0
4;1;18;23;6;562;382;3;167;123;36;27;17;1;6;2;0;0;0;0
4;1;18;23;7;602;450;17;185;144;34;40;26;1;3;0;0;0;0;0
4;1;18;23;8;560;407;4;191;130;43;18;15;2;3;1;0;0;0;0
4;1;18;23;9;656;487;26;188;155;35;49;29;3;0;2;0;0;0;0
4;1;18;23;10;678;516;14;212;168;43;51;24;1;3;0;0;0;0;0
4;1;18;23;11;595;408;10;157;144;31;38;20;5;1;2;0;0;0;0
4;1;18;23;12;745;493;20;176;147;60;46;38;0;4;2;0;0;0;0
4;1;18;23;13;948;457;20;162;172;47;21;31;0;3;1;0;0;0;0
4;1;18;23;14;873;563;18;260;158;25;60;25;6;8;3;0;0;0;0
4;1;18;23;15;671;439;15;159;156;41;42;23;0;3;0;0;0;0;0
4;1;18;23;16;741;454;24;175;160;26;35;23;1;3;7;0;0;0;0
4;1;18;23;17;722;498;27;179;161;41;51;30;2;6;1;0;0;0;0
4;1;18;23;18;733;460;18;154;90;85;63;44;1;3;2;0;0;0;0
4;1;18;23;19;678;457;21;168;134;42;43;46;0;3;0;0;0;0;0
4;1;18;23;20;561;387;9;125;125;47;44;27;1;8;1;0;0;0;0
4;1;18;23;21;479;313;14;104;94;28;35;33;0;2;3;0;0;0;0
4;1;18;23;22;646;403;14;147;125;48;34;31;0;4;0;0;0;0;0
4;1;18;23;23;738;461;12;180;186;24;31;17;1;4;6;0;0;0;0
4;1;18;23;24;660;423;12;141;136;52;35;37;2;8;0;0;0;0;0
4;1;18;23;25;637;365;6;127;94;35;62;33;1;6;1;0;0;0;0
4;1;18;23;26;793;560;6;153;123;130;52;90;2;4;0;0;0;0;0
4;1;18;23;27;711;453;15;130;148;72;40;45;1;2;0;0;0;0;0
4;1;18;23;28;550;350;8;121;105;48;34;31;0;1;2;0;0;0;0
4;1;18;23;29;835;588;14;200;153;72;84;57;0;6;2;0;0;0;0
4;1;18;23;30;710;516;17;133;110;101;66;84;3;1;1;0;0;0;0
4;1;18;23;31;647;430;7;104;112;92;51;58;1;5;0;0;0;0;0
4;1;18;23;32;605;422;14;145;117;54;41;50;0;1;0;0;0;0;0
4;1;18;23;33;702;465;4;140;125;70;45;76;1;4;0;0;0;0;0
4;1;18;23;34;547;398;13;134;93;66;50;41;0;1;0;0;0;0;0
4;1;18;23;35;810;542;21;171;150;94;41;60;1;4;0;0;0;0;0
4;1;18;23;36;568;406;8;143;133;57;32;25;1;2;5;0;0;0;0
4;1;18;23;37;483;295;13;116;124;16;8;11;0;1;6;0;0;0;0
4;1;18;23;38;661;455;16;163;109;85;29;52;0;1;0;0;0;0;0
4;1;18;23;39;721;494;23;177;143;69;34;42;1;3;2;0;0;0;0
4;1;18;23;40;837;621;14;246;182;79;55;37;0;6;2;0;0;0;0
4;1;18;23;41;751;503;8;230;156;37;35;28;0;8;1;0;0;0;0
4;1;18;23;42;669;439;19;163;184;28;19;16;2;2;6;0;0;0;0
4;1;18;23;43;256;197;6;126;37;17;5;2;2;1;1;0;0;0;0
4;1;18;23;44;1026;577;8;239;163;63;55;41;1;3;4;0;0;0;0
4;1;18;23;45;792;518;15;198;195;29;52;22;2;0;5;0;0;0;0
4;1;18;23;46;885;571;13;255;192;46;29;25;1;1;9;0;0;0;0
4;1;18;23;47;752;497;4;167;199;44;34;31;7;5;6;0;0;0;0
4;1;18;23;48;490;299;10;95;132;30;16;7;1;2;6;0;0;0;0
4;1;18;23;49;492;308;7;120;143;15;7;7;0;2;7;0;0;0;0
4;1;18;23;50;832;596;43;316;162;24;23;21;0;4;3;0;0;0;0
4;1;18;23;51;1038;787;9;350;215;82;79;41;3;7;1;0;0;0;0
4;1;18;23;52;972;617;18;245;222;38;51;35;0;6;2;0;0;0;0
4;1;18;23;53;504;351;25;146;153;6;6;6;1;2;6;0;0;0;0
4;1;18;23;54;732;468;19;192;158;31;33;23;2;1;9;0;0;0;0
4;1;18;23;55;776;414;16;151;135;55;23;29;1;4;0;0;0;0;0
4;1;18;23;56;749;539;22;233;201;29;19;21;2;6;6;0;0;0;0
4;1;18;23;57;367;254;2;78;112;34;10;15;0;1;2;0;0;0;0
4;1;18;23;58;1077;693;28;279;240;40;51;41;2;10;2;0;0;0;0
4;1;18;23;59;679;460;22;192;170;35;19;17;1;4;0;0;0;0;0
4;1;18;23;60;740;542;46;189;228;33;23;16;2;4;1;0;0;0;0
4;1;18;23;61;777;577;28;209;178;81;45;28;1;6;1;0;0;0;0
4;1;18;23;62;788;572;40;206;211;29;36;32;6;7;5;0;0;0;0
4;1;18;23;63;792;468;16;147;194;47;25;29;1;6;3;0;0;0;0
4;1;18;23;64;814;533;18;169;234;45;26;39;1;1;0;0;0;0;0
4;1;18;23;65;799;555;12;170;226;52;39;45;0;5;6;0;0;0;0
4;1;18;23;66;801;531;17;185;228;29;27;35;1;6;3;0;0;0;0
4;1;18;23;67;756;558;23;269;179;26;27;27;2;3;2;0;0;0;0
4;1;18;23;68;694;460;15;166;157;49;47;25;0;1;0;0;0;0;0
4;1;18;23;69;487;334;5;126;146;18;17;14;0;4;4;0;0;0;0
4;1;18;23;70;840;544;15;186;233;38;33;32;1;5;1;0;0;0;0
4;1;18;23;71;694;444;10;193;164;23;23;27;2;2;0;0;0;0;0
4;1;18;23;72;942;642;29;234;205;60;65;38;1;6;4;0;0;0;0
4;1;18;23;73;543;377;8;153;171;10;12;12;1;1;9;0;0;0;0
4;1;18;23;74;538;306;0;136;133;11;15;2;0;2;7;0;0;0;0
4;1;18;23;75;500;304;14;118;130;15;4;8;1;5;9;0;0;0;0
4;1;18;23;76;713;469;31;155;115;62;56;38;4;7;1;0;0;0;0
4;1;18;23;77;688;478;12;167;98;72;60;54;0;12;3;0;0;0;0
4;1;18;23;78;661;426;5;168;160;35;26;30;1;1;0;0;0;0;0
4;1;18;23;79;711;524;8;174;134;67;64;72;0;5;0;0;0;0;0
4;1;18;23;80;614;390;21;120;180;29;18;12;1;0;9;0;0;0;0
4;1;18;23;81;969;697;32;271;238;47;69;34;1;4;1;0;0;0;0
4;1;18;23;82;690;442;9;166;190;29;32;11;0;3;2;0;0;0;0
4;1;18;23;83;717;435;18;204;172;12;7;12;0;3;7;0;0;0;0
4;1;18;23;84;766;440;13;200;167;6;16;10;1;4;23;0;0;0;0
4;1;18;23;85;715;490;26;199;201;22;22;15;0;1;4;0;0;0;0
4;1;18;23;86;559;404;6;169;186;16;7;9;1;5;5;0;0;0;0
4;1;18;23;87;570;371;6;155;132;23;28;20;1;4;2;0;0;0;0
4;1;18;23;88;422;269;14;88;121;17;12;13;1;2;1;0;0;0;0
4;1;18;23;89;722;480;26;179;224;13;13;13;2;3;7;0;0;0;0
4;1;18;23;90;595;382;12;167;168;16;8;7;0;1;3;0;0;0;0
4;1;18;23;91;604;410;16;152;139;27;42;28;0;2;4;0;0;0;0
4;1;18;23;92;801;545;23;228;190;28;45;26;0;5;0;0;0;0;0
4;1;18;23;93;599;412;6;146;153;24;35;42;0;2;4;0;0;0;0
4;1;18;23;94;799;499;13;156;237;20;18;18;4;10;23;0;0;0;0
4;1;18;23;95;614;377;12;126;149;16;43;18;3;4;6;0;0;0;0
4;1;18;23;96;904;606;13;266;214;39;34;27;3;4;6;0;0;0;0
4;1;18;23;97;790;512;17;189;166;46;51;31;0;5;7;0;0;0;0
4;1;18;23;98;353;251;6;75;110;13;20;23;0;2;2;0;0;0;0
4;1;18;23;99;622;406;6;139;113;27;72;45;1;1;2;0;0;0;0
4;1;18;23;100;496;315;10;105;124;29;24;17;4;1;1;0;0;0;0
4;1;18;23;101;750;498;3;191;131;47;61;50;1;11;3;0;0;0;0
4;1;18;23;102;0;0;0;0;0;0;0;0;0;0;0;0;0;0;0
4;1;18;23;103;0;8399;203;3489;2328;974;796;507;15;59;28;0;0;0;0
